1421.157780413164,332.2300807118344,-727.7177094442816,1.0
1421.4015499989814,332.47189994516725,-727.792981240561,1.0
1421.8832959260058,332.8711696139868,-727.8558587428869,1.0
1420.574655917454,330.32713083484043,-727.5650481753504,1.0
1420.8823738812155,330.6341128853966,-727.5785266731489,1.0
1421.1503739260986,330.9966539076412,-727.6302371880258,1.0
1421.455150660474,331.303163115364,-727.643361300715,1.0
1421.7308022824004,331.6654017614759,-727.6996937125168,1.0
1420.0929874443204,328.69320787071763,-727.4134792601085,1.0
1420.4909832091735,329.1059454643883,-727.4367395360837,1.0
1420.6754157224427,329.3594510112002,-727.4837882650017,1.0
1421.0704709102104,329.77418592360704,-727.5033928984868,1.0
1419.8433100063712,326.79922212706833,-727.3342325389885,1.0
1420.1271863523987,327.15843778340394,-727.3940600099581,1.0
1420.444069695526,327.4629042387997,-727.4138367290122,1.0
1420.7186368861976,327.8234630225293,-727.4701236312012,1.0
1421.0164164514158,328.1333773886072,-727.4803417992414,1.0
1419.3790141418458,324.7939365373943,-727.336449138553,1.0
1419.6842381411516,325.22383011884267,-727.311036314447,1.0
1419.8324630204233,325.48572677366684,-727.3398204217401,1.0
1420.1858581387896,325.90648418857916,-727.3387812207181,1.0
1420.362065927958,326.1630127251673,-727.3823348904685,1.0
1419.6526486062673,322.7890843925155,-727.5372421709517,1.0
1419.8297897798643,323.1687058085047,-727.5414350599785,1.0
1420.0364551578482,323.4947354110992,-727.5018987997933,1.0
1420.2196780100362,323.8751362444674,-727.5081906626795,1.0
1420.433452749436,324.2000235397379,-727.4732535446126,1.0
1419.6706453465238,321.1707155645287,-727.6058157585489,1.0
1419.8054490345396,321.43670192241973,-727.6276611387868,1.0
1420.1151280655542,321.864855127674,-727.6042790241208,1.0
1420.2350837875513,322.13471528834066,-727.6172063591445,1.0
1419.4331780217171,319.18386988056045,-727.6309622523521,1.0
1419.7068874931206,319.4965720574893,-727.6284188125686,1.0
1419.9474468437345,319.8653211291611,-727.6653825197944,1.0
1420.2108194769576,320.18128815818676,-727.6567983429712,1.0
1420.4366739852421,320.55261333883095,-727.6853876098887,1.0
1418.9994879841277,317.2360649863356,-727.5507880004063,1.0
1419.1523361834966,317.49961554151247,-727.5841426133436,1.0
1419.5108716728882,317.9181748176185,-727.5857004814741,1.0
1419.672287592167,318.17970858249777,-727.6211827047448,1.0
1420.0223430415099,318.6003256911519,-727.6170087113322,1.0
1418.6597979193307,315.2739564344814,-727.5165747056797,1.0
1418.9657757393493,315.5712155172941,-727.5348942563517,1.0
1419.2364307662403,315.93682476997856,-727.5858719465259,1.0
1419.5217039784673,316.2441741018197,-727.5932596156819,1.0
1419.768631255051,316.61110720326405,-727.633409506579,1.0
1418.194869603908,313.6181992648763,-727.3765398494859,1.0
1418.6180205461314,314.0322990716478,-727.4093059855167,1.0
1418.811760257854,314.2770510063571,-727.4697990553585,1.0
1419.2354289033074,314.68976893553906,-727.4972904975166,1.0
1418.245454968629,311.63086944718225,-727.4552998452032,1.0
1418.5060858740185,312.0067804578462,-727.4967176846856,1.0
1418.7743725368468,312.3086131612948,-727.4972479542192,1.0
1419.0301499708903,312.6865970847281,-727.5338546769804,1.0
1419.287270680231,312.99097993511964,-727.5305355022368,1.0
1417.6385089640871,309.64600298395254,-727.3782574097693,1.0
1418.054954751264,310.05266004628834,-727.4060590271015,1.0
1418.2537175273224,310.30367366791415,-727.4673004951069,1.0
1418.6376383453344,310.7198683439989,-727.4786048343703,1.0
1418.8121318077592,310.9738360447631,-727.5256944909113,1.0
1417.7457690312428,308.0656337853635,-727.3889510696436,1.0
1418.1002565040008,308.3679557394423,-727.4268200636648,1.0
1418.3860753711176,308.71859493377127,-727.4932559310641,1.0
1418.7228606760305,309.02188872847347,-727.5215495009329,1.0
1417.3129435025212,306.1017902131349,-727.3088926632724,1.0
1417.512989929653,306.35431742885527,-727.3715698445313,1.0
1417.9213541164181,306.7626997871639,-727.3964200076018,1.0
1418.1220858828665,307.01476924027213,-727.4596635485732,1.0
1418.5324506437535,307.42311704679827,-727.4820649346652,1.0
1417.100216675009,304.08556163184574,-727.3456818803527,1.0
1417.4453962970133,304.3941670364576,-727.3734077908313,1.0
1417.7394392359301,304.73931307944076,-727.4466399747795,1.0
1418.0681126613017,305.0503628765199,-727.4698304255687,1.0
1418.3431395021705,305.40099787243605,-727.5298998072934,1.0
1416.5532603650627,302.14586151420104,-727.2043025401085,1.0
1416.7660987402633,302.39588821498216,-727.2741986874447,1.0
1417.1898840401052,302.79767615687194,-727.3068400579727,1.0
1417.3988095992243,303.0502831650384,-727.3747282506752,1.0
1417.826994486947,303.45166946678785,-727.4052524745275,1.0
1416.6551061990813,300.4369776804855,-727.2536313373494,1.0
1416.9343011719798,300.7859975262444,-727.317945476083,1.0
1417.2434723798046,301.10282777058086,-727.3287969685771,1.0
1417.5258948294677,301.4497250715666,-727.394552702232,1.0
1416.0589907718759,298.41722887104845,-727.1953217715899,1.0
1416.4908015760006,298.81616009144955,-727.2300679976449,1.0
1416.6996710389903,299.0676356741004,-727.2971095916128,1.0
1417.112864184704,299.47172331085915,-727.3214734227256,1.0
1417.322275863321,299.72403882470104,-727.3885377714998,1.0
1415.9759308111932,296.4435662776156,-727.1855316013556,1.0
1416.2668333009053,296.7884057460532,-727.2570191965538,1.0
1416.5967342812207,297.09983771171125,-727.2807987618619,1.0
1416.8890635456955,297.44489308044007,-727.3542656752197,1.0
1417.2214512196308,297.755998999991,-727.3747726196209,1.0
1415.4926366971395,294.3909982875805,-727.1884123222986,1.0
1415.9165090245415,294.79035711015143,-727.220750698998,1.0
1416.1273474779214,295.04288852428465,-727.2897943659316,1.0
1416.5324029270937,295.44757003150085,-727.310360144048,1.0
1416.7303063087156,295.7038996543764,-727.3716412399986,1.0
1415.6096197025815,292.7767853947603,-727.2058933787936,1.0
1415.958481337117,293.0840671435393,-727.2386878902096,1.0
1416.2610358998147,293.4260649707095,-727.3132010857566,1.0
1416.6020467374883,293.733815363909,-727.3399834966069,1.0
1415.184201316118,290.7926990972323,-727.1252297566298,1.0
1415.3995508973362,291.0446215606869,-727.1971507317384,1.0
1415.8103759607216,291.4455157409691,-727.2200333399849,1.0
1416.0261246338778,291.69957582941794,-727.2914334649938,1.0
1416.4385756918446,292.1005196417037,-727.3176855950406,1.0
1415.029711541762,288.7344968546545,-727.1918125445804,1.0
1415.3551013942392,289.0465377709911,-727.2127148017139,1.0
1415.6398667615317,289.3919365581035,-727.277955566937,1.0
1415.9674564079492,289.7037766543699,-727.2977992507325,1.0
1416.2452246060848,290.0525805998375,-727.3601340713067,1.0
1414.6424748941172,286.73235260384274,-727.1315710905274,1.0
1414.8351508771534,286.9933094848434,-727.190558111154,1.0
1415.2361245695554,287.3947068613285,-727.2098773958136,1.0
1415.442763959475,287.6524139704533,-727.2758258983017,1.0
1415.848535679395,288.0530771702229,-727.295808443567,1.0
1414.7905072686685,284.9846692866812,-727.2048874510083,1.0
1415.0778708695389,285.3295347171482,-727.2718500501751,1.0
1415.389640310941,285.6458316048394,-727.2844233766127,1.0
1415.6772592277591,285.99166219253436,-727.3536227781549,1.0
1414.1426308518626,282.96222850354,-727.1169881409181,1.0
1414.5928342775799,283.3490074439517,-727.1620316243576,1.0
1414.8176928862736,283.6018906732941,-727.2355821145063,1.0
1415.2486494103928,283.9954152181911,-727.2705234420258,1.0
1415.4703359861496,284.2490822562528,-727.3467801933691,1.0
1414.0514485379315,280.9569917503027,-727.103866338246,1.0
1414.3340702074133,281.3037227830008,-727.1710122755417,1.0
1414.6785638377996,281.6103157886553,-727.2014730836888,1.0
1414.9702393466894,281.9547385367313,-727.2699227873898,1.0
1415.3001403270046,282.2661705023894,-727.2937023526979,1.0
1413.6205354875615,278.8711367068014,-727.1312255363769,1.0
1414.007377484692,279.27238957861545,-727.1410435429709,1.0
1414.189685698117,279.54017185654766,-727.1951394191213,1.0
1414.5765837913766,279.9425561538773,-727.2058040244501,1.0
1414.772313196058,280.2062487287426,-727.2668386276555,1.0
1413.8394206518121,277.1957002600809,-727.200151952171,1.0
1414.1845996215152,277.5018355031233,-727.2311791200307,1.0
1414.4757890109067,277.84654974552393,-727.3004526676598,1.0
1414.796723831675,278.16033103805466,-727.3193242153529,1.0
1413.3230672476657,275.21214828367783,-727.0692833876438,1.0
1413.5379565263852,275.4715243733766,-727.1407231405979,1.0
1413.955665914368,275.8642803827029,-727.1681197534049,1.0
1414.1896028748674,276.1170771362038,-727.2482714586381,1.0
1414.6170198578434,276.5081574815607,-727.2819890475072,1.0
1413.2781312091608,273.0924201110671,-727.1919334318185,1.0
1413.569083198212,273.4140742351859,-727.1951829366518,1.0
1413.847536735664,273.76242041804136,-727.2580841169384,1.0
1414.1463711053086,274.0825155144749,-727.2628948723927,1.0
1414.419628175606,274.431928410621,-727.3223523847921,1.0
1413.0644460640747,271.3387958432647,-727.1825809869806,1.0
1413.452514963848,271.73796072208813,-727.1962893654745,1.0
1413.6634914264862,271.99991711917215,-727.2657211637948,1.0
1414.046109195458,272.4016537156278,-727.270447814645,1.0
1413.0020040910802,269.29916676600214,-727.1828068683905,1.0
1413.2831989857991,269.64568189840895,-727.2479734875267,1.0
1413.5860022676543,269.9643281129728,-727.2556387963494,1.0
1413.8637143696608,270.31200063292476,-727.3171270181889,1.0
1414.1512957582577,270.63707499561997,-727.3183913231949,1.0
1412.4670159647183,267.2260630358402,-727.1539541333955,1.0
1412.8731603072752,267.61923156711504,-727.1780221520253,1.0
1413.0910469115106,267.8802119251627,-727.2506628888232,1.0
1413.498251172925,268.27283851003904,-727.2694789683866,1.0
1413.7098575310515,268.5356758805648,-727.3353292703034,1.0
1412.3925846896614,265.180016885182,-727.1493760794294,1.0
1412.6889144500788,265.5225329887763,-727.2212466962112,1.0
1413.0011384272475,265.83962876540784,-727.237447028665,1.0
1413.3014370998758,266.1806959871325,-727.312172198815,1.0
1413.6120350824633,266.4977421317602,-727.3250030094686,1.0
1412.370343835761,263.461998428506,-727.1966920297589,1.0
1412.5480790584863,263.7375107467857,-727.2502097828612,1.0
1412.9015979025753,264.1440259823602,-727.2445722115858,1.0
1413.0805045841155,264.4187890437032,-727.2978324804723,1.0
1412.3993767232648,261.29332859936176,-727.3633115107525,1.0
1412.6804225498051,261.61929481730704,-727.3555485785021,1.0
1412.9398599892093,261.9731299530953,-727.4052869565651,1.0
1413.2033403525606,262.3045526714757,-727.3949392463107,1.0
1413.4585219800742,262.65996191517047,-727.4440371185743,1.0
1411.9749568002537,259.2575160909843,-727.2784763109487,1.0
1412.178251406719,259.52580557060514,-727.3411345475265,1.0
1412.5623823257124,259.92285878646385,-727.3508387800887,1.0
1412.7663306877628,260.1917808867374,-727.4185142263233,1.0
1413.1520876013374,260.5888837345998,-727.4315879806855,1.0
1411.6747536428302,257.1801372803745,-727.2622227105826,1.0
1412.0150475574555,257.48943581945105,-727.2928896116653,1.0
1412.3202873812907,257.82847117065694,-727.368821647327,1.0
1412.6725750601086,258.13099394480594,-727.407749214686,1.0
1412.9673349220739,258.474591841912,-727.4770969084022,1.0
1411.654227315175,255.34540636678267,-727.3579149155564,1.0
1412.012687310471,255.7498897318385,-727.3534842097927,1.0
1412.2208360405834,256.0185764602593,-727.417652305711,1.0
1412.6058270063145,256.4127838364377,-727.4240156529471,1.0
1411.663135984344,253.241954342528,-727.3985476820632,1.0
1411.9126356775055,253.60119195540753,-727.4417244729868,1.0
1412.1823969392667,253.93322782287947,-727.4348659402325,1.0
1412.4281262877353,254.29127788777154,-727.4798796388095,1.0
1412.7041987270359,254.61789619793097,-727.4786619483727,1.0
1411.1508329896278,251.14331116445098,-727.376337333827,1.0
1411.5283400144026,251.53874503173958,-727.3839198377236,1.0
1411.7304883267518,251.8124757386471,-727.4488317498153,1.0
1412.0916335831853,252.21399662773877,-727.4458198841664,1.0
1412.2899000108835,252.48674709719705,-727.5075742490612,1.0
1410.9387532840208,249.1035908569106,-727.2980104400098,1.0
1411.2284598025203,249.44695777350432,-727.3644580707446,1.0
1411.5417121148148,249.76460198700238,-727.3798573140764,1.0
1411.8264774821077,250.11000077411472,-727.4450980792997,1.0
1412.1315050703008,250.43066797738905,-727.4570022634638,1.0
1410.876520167894,247.36910879797088,-727.3239121747271,1.0
1411.0520253175494,247.65085264272463,-727.3763368363495,1.0
1411.4166849504272,248.05012576100629,-727.3725525180531,1.0
1411.6060419670084,248.32882714442243,-727.4269442066866,1.0
1410.7561164995068,245.20759195496976,-727.403465311991,1.0
1411.0135410012667,245.5453973878907,-727.3897135617945,1.0
1411.2429085813937,245.90953447458585,-727.4241328908262,1.0
1411.511099944703,246.24265213556964,-727.4147514350062,1.0
1411.7576584084782,246.60141690561582,-727.4575738408207,1.0
1410.508180256605,243.0872527551539,-727.4199007634865,1.0
1410.6896239611624,243.37107371108985,-727.4738807940623,1.0
1411.0229300836895,243.77913518618385,-727.453341713481,1.0
1411.1672261512858,244.07331001708573,-727.4829527029628,1.0
1411.4921644260226,244.4856921757592,-727.4583749583078,1.0
1410.1584210179522,240.99625847401586,-727.3731543189715,1.0
1410.477156697081,241.3127107481863,-727.3897831826216,1.0
1410.7804275305264,241.65069026790982,-727.4637131453176,1.0
1411.0884517919342,241.97049157796343,-727.4801195707066,1.0
1411.371560233215,242.3194012779066,-727.5431404066929,1.0
1409.901752051856,239.21631382041622,-727.338040890816,1.0
1410.2607845419088,239.6156064102592,-727.3357846046765,1.0
1410.454964098406,239.89579542574046,-727.396137002595,1.0
1410.8490391826745,240.28166381089284,-727.4059557810538,1.0
1409.9971455765854,237.04256965878753,-727.4290857974461,1.0
1410.2306258449137,237.40643033137925,-727.4636020273713,1.0
1410.475315147035,237.75033786632457,-727.440176652451,1.0
1410.7028575127624,238.11459158930356,-727.4698362560418,1.0
1410.961110477528,238.45064156580915,-727.4571944704637,1.0
1409.521664523218,234.90780886071246,-727.4231745875538,1.0
1409.8796125820163,235.30542158817326,-727.4208727918013,1.0
1410.053429874229,235.59423689059213,-727.4722271167504,1.0
1410.4031854449586,235.99625238613373,-727.4586781545048,1.0
1410.5727785090128,236.28555141319424,-727.5049411237101,1.0
1409.6581620945833,233.15469978202586,-727.4442653872201,1.0
1409.9607906690176,233.47573407365792,-727.4558379410812,1.0
1410.2294811676484,233.8270946565364,-727.5082702891901,1.0
1410.5173746206237,234.15673576354476,-727.5093167379252,1.0
1409.2632651082477,231.06016271418443,-727.373352184421,1.0
1409.4263716350401,231.35479721405616,-727.4211828137281,1.0
1409.7782947636774,231.75523211122297,-727.4143273854702,1.0
1409.9622496742522,232.04094882983244,-727.4703322438182,1.0
1410.3227721065314,232.43827655343685,-727.4611535759492,1.0
1409.1875940840287,228.8475280323874,-727.4828211476106,1.0
1409.435079534944,229.18579561926066,-727.4691103250368,1.0
1409.66930254332,229.55527027789492,-727.4984369986469,1.0
1409.9195293515022,229.89170681431966,-727.4869916149228,1.0
1410.1554099381915,230.2601407216926,-727.5152369603887,1.0
1408.899385750555,226.70753826429925,-727.4703081324396,1.0
1409.0838519453266,226.9976554589342,-727.5274853381575,1.0
1409.426696722158,227.39817683194264,-727.514028694815,1.0
1409.593828909592,227.6949640370298,-727.5622592188444,1.0
1409.9253091654186,228.10067198683817,-727.5402616702031,1.0
1408.9250273888315,224.88469390484642,-727.4773649715225,1.0
1409.1937733312907,225.23471575167108,-727.533945175747,1.0
1409.480352201762,225.56640380941923,-727.5347055037921,1.0
1409.7226864373783,225.92565230410705,-727.5724365538626,1.0
1408.4083768476908,222.74247127662886,-727.4534428140958,1.0
1408.7636144806527,223.13835450970382,-727.4477259869302,1.0
1408.9555330326489,223.42833559649353,-727.5081348859321,1.0
1409.3236812249716,223.81819881204555,-727.5048831810709,1.0
1409.5254820793816,224.1041161577978,-727.5677058110964,1.0
1408.3597527112981,220.57192860520638,-727.474155211965,1.0
1408.5956893941166,220.94149393809496,-727.5032471561658,1.0
1408.846458417926,221.27877040571082,-727.4918245272479,1.0
1409.092819618786,221.64511192875304,-727.5233529572786,1.0
1409.3524110261524,221.9788666017298,-727.5195959984505,1.0
1407.9510203348668,218.39204593002947,-727.499318584542,1.0
1408.3177417524266,218.7816932452902,-727.4940875615212,1.0
1408.4981520074275,219.07568844111367,-727.5487132076994,1.0
1408.843538921707,219.47454503196101,-727.5361317995659,1.0
1409.0203793564353,219.77212673464842,-727.5873820422761,1.0
1408.1077020607227,216.59005628724645,-727.5253378902337,1.0
1408.3780300505089,216.92515389469,-727.5237995609649,1.0
1408.6179349932372,217.29080018413944,-727.559047315915,1.0
1408.8836080791946,217.62533427449534,-727.5573893309463,1.0
1407.6950248032417,214.47253450270028,-727.4520657189121,1.0
1407.8789745993854,214.7689738980638,-727.5079151037406,1.0
1408.2389850951668,215.1594309840731,-727.5008653458829,1.0
1408.425533124888,215.4553370227912,-727.558436564655,1.0
1408.780060906136,215.84945620969776,-727.546855929098,1.0
1407.5528685491258,212.24683947063704,-727.5184285223028,1.0
1407.8088907885208,212.58665081204725,-727.5079949026258,1.0
1408.0426276773987,212.956416965006,-727.5381454201644,1.0
1408.3018458098268,213.295196144908,-727.5336042453531,1.0
1408.538610955651,213.6630060213813,-727.5638061541722,1.0
1407.2272655347024,210.0873825820704,-727.4895243828444,1.0
1407.406872491396,210.38782520465924,-727.5450362557024,1.0
1407.7516926776507,210.78362005553504,-727.5271346440834,1.0
1407.9207635763448,211.08749379850846,-727.5752155762609,1.0
1408.2531593227372,211.48901717258272,-727.5540249984092,1.0
1407.3502149862184,208.19068973882185,-727.552210255162,1.0
1407.6068562768285,208.55016482268192,-727.5922340808786,1.0
1407.8701864451564,208.8861974269112,-727.5910910643418,1.0
1408.0970138447385,209.2594097804757,-727.6147313860217,1.0
1406.6296799263896,206.10925562998835,-727.4180345080225,1.0
1407.0684780782658,206.4679216914223,-727.454156907987,1.0
1407.306598106631,206.74524061862414,-727.5402386144881,1.0
1407.7073331309803,207.11844513075815,-727.5511850025689,1.0
1407.9107297008422,207.41044281491816,-727.6152254895771,1.0
1406.4737660753067,203.94202210944837,-727.3681992953597,1.0
1406.7347186216355,204.29858434934798,-727.4130114829915,1.0
1407.0353717866465,204.6243451631126,-727.4290290051293,1.0
1407.299496365912,204.9801235942931,-727.4711349315666,1.0
1407.6011765614467,205.3014925217853,-727.4929538793444,1.0
1406.1248451126125,201.70589114114745,-727.429135892773,1.0
1406.4799453886176,202.09481955284116,-727.41972967684,1.0
1406.6703443715592,202.39526637384284,-727.4816080353726,1.0
1407.0142793463774,202.7892150940489,-727.4650511177816,1.0
1407.1949152904976,203.0926763150738,-727.5164606441366,1.0
1406.252187940931,199.8755469499934,-727.4430205945221,1.0
1406.541875024574,200.20616180398275,-727.4532776186425,1.0
1406.7916622697162,200.56774435239487,-727.4909391046161,1.0
1407.069443269028,200.90517601356262,-727.4893312112504,1.0
1405.8297320564907,197.73243208004288,-727.3608956041446,1.0
1406.0663073511028,198.01552477110653,-727.4464505788785,1.0
1406.4417137952623,198.39469547034696,-727.44519583718,1.0
1406.6577276057722,198.68658071663592,-727.5203625353038,1.0
1407.0062607359887,199.07749136684458,-727.5063799320588,1.0
1405.4152204155055,195.5806370927381,-727.2780326792614,1.0
1405.7390893943257,195.89820342014772,-727.3070069106875,1.0
1406.0308841668084,196.24157682720949,-727.3674015132342,1.0
1406.3535494507812,196.55851263325124,-727.4043853362018,1.0
1406.6452894317363,196.90569493793643,-727.4573308252516,1.0
1405.4398629295756,193.6268075512058,-727.3976056599358,1.0
1405.7965085916348,194.01243236060708,-727.3854249183892,1.0
1405.9927900333491,194.31382486727546,-727.4480120471405,1.0
1406.3422954025618,194.70415252883498,-727.4323817560388,1.0
1405.352582875787,191.39980394290285,-727.3912093421993,1.0
1405.6243022836652,191.7516784108654,-727.4403918242077,1.0
1405.8993651335059,192.0882226081233,-727.4484184554335,1.0
1406.1580946780987,192.44770418245156,-727.4823892529619,1.0
1406.4228206897587,192.78751323180649,-727.4843751471481,1.0
1404.792637101559,189.2291643461445,-727.3384428003449,1.0
1405.2159083671327,189.58637961935116,-727.3586337541399,1.0
1405.4445149058927,189.8759306189886,-727.4396292147004,1.0
1405.8144379832177,190.2562932575566,-727.4371448526838,1.0
1406.0172549869885,190.55679390897495,-727.5087592186915,1.0
1404.5170568161163,187.07047179410742,-727.2319684230378,1.0
1404.8320435423116,187.40589906760317,-727.2967210288125,1.0
1405.1583353949873,187.7228499538661,-727.3346255966017,1.0
1405.4743182202756,188.0574458859238,-727.4063292205801,1.0
1405.786049006612,188.37814534892536,-727.4331016955857,1.0
1404.47333770469,185.21111772906295,-727.2510721518223,1.0
1404.6740993428118,185.51546182988716,-727.3176861813117,1.0
1405.0635871528455,185.8853930930985,-727.3219403350826,1.0
1405.2698315055006,186.18607509302558,-727.3930852422712,1.0
1404.4585486493843,182.86194210011553,-727.3901545241204,1.0
1404.7049690670115,183.21147431014128,-727.3815401670934,1.0
1404.9569013145667,183.5766649361065,-727.4106939662324,1.0
1405.1786159761587,183.9363564987258,-727.3960452816466,1.0
1405.4262369679955,184.30445996865157,-727.4204107188707,1.0
1403.9391025379705,180.7282144273999,-727.2511192940565,1.0
1404.195005995009,181.01038490984394,-727.3496192147429,1.0
1404.6104819075492,181.3667300914172,-727.3679459240882,1.0
1404.8328017811673,181.66392045714764,-727.4485979910102,1.0
1405.2014727911508,182.04167911835617,-727.4402270657956,1.0
1403.5709250233372,178.52312942452244,-727.19624426822,1.0
1403.886305586172,178.8411254533869,-727.2358374514885,1.0
1404.203150415101,179.18028603047267,-727.2942964179978,1.0
1404.5214167634942,179.50009363822426,-727.3300961302598,1.0
1404.8287532172483,179.8407636109918,-727.3836243243477,1.0
1403.3924244541658,176.6307620652778,-727.2069766176287,1.0
1403.80313392292,176.98675104030167,-727.2201892164237,1.0
1404.0211670532171,177.2890760587731,-727.3013503701097,1.0
1404.4076014416057,177.6562716281199,-727.3035569413018,1.0
1403.1579502441882,174.4209365942238,-727.1294973214254,1.0
1403.4848198469194,174.75226557489947,-727.1942148812453,1.0
1403.806767555543,175.06827936524888,-727.2383844518258,1.0
1404.1247838432867,175.40669068539802,-727.2965859341192,1.0
1404.4306566832481,175.72866627151353,-727.3279470875855,1.0
1402.7270416776928,172.17251629621006,-727.1366937615496,1.0
1403.1193888039838,172.53462684481946,-727.141760767778,1.0
1403.3365380274467,172.84004605576018,-727.2176641007298,1.0
1403.7266299159692,173.20369616049362,-727.2196418241804,1.0
1403.9391803317326,173.50968327986226,-727.296272100167,1.0
1402.5227849128119,169.93789834212237,-727.0785338501843,1.0
1402.8280092524867,170.27881017721072,-727.1295163664004,1.0
1403.1258256567348,170.60720302964924,-727.159922256903,1.0
1403.4260534013745,170.95148547131015,-727.2055500514915,1.0
1403.718817766759,171.28458766637522,-727.2264533642508,1.0
1402.4215171042074,168.07163546791236,-727.0539865145863,1.0
1402.651513719567,168.37321542786003,-727.1412566697311,1.0
1403.0489451207545,168.7319964121475,-727.1480741463772,1.0
1403.2680072384783,169.03734002905497,-727.2251329535603,1.0
1402.1714648551647,165.78734474481143,-727.0640643435888,1.0
1402.471593245612,166.11779962821106,-727.095104858223,1.0
1402.7541439871047,166.46774588084543,-727.1331534199571,1.0
1403.0542169337236,166.79953950029898,-727.1600460784755,1.0
1403.3297705060597,167.15289091128847,-727.1951886955608,1.0
1401.8342571022367,163.53916572986532,-727.0269313506953,1.0
1402.057456420559,163.8464547414501,-727.1093845074508,1.0
1402.4242763991429,164.21716790702294,-727.0975589228783,1.0
1402.6365096360973,164.5293109588324,-727.1742515816164,1.0
1402.986936262608,164.90720152947327,-727.156282477443,1.0
1401.5477419032486,161.26230095754875,-727.0165077556971,1.0
1401.861434608641,161.5873684440782,-727.0550306022923,1.0
1402.1672320953742,161.92555966552317,-727.1048862807513,1.0
1402.4675603579408,162.25831844220465,-727.134015741645,1.0
1402.7596504060393,162.60319475432303,-727.1758454832373,1.0
1401.3038290019713,159.375058140789,-726.9904710226429,1.0
1401.6993784403285,159.73035417427525,-726.9949834324943,1.0
1401.9234313863553,160.04057969979468,-727.0805427451664,1.0
1402.3073294040282,160.40118753611787,-727.0787282972883,1.0
1401.0549515403359,157.13304536083893,-726.9061709165018,1.0
1401.3241687704337,157.48712235879088,-726.9336764999713,1.0
1401.6316618382446,157.81740009209466,-726.9715529590992,1.0
1401.9087292129032,158.16853828405664,-727.0083719005154,1.0
1402.2115125853582,158.502061397896,-727.0386795904467,1.0
1400.7194127281202,154.80616020271265,-726.9658447243314,1.0
1401.0589042046938,155.18534426874385,-726.9409655295772,1.0
1401.2444891645237,155.5162231351536,-727.0050154643266,1.0
1401.5997447499826,155.88981898424453,-726.9865600281955,1.0
1401.8029815482603,156.21034206933058,-727.0561930045012,1.0
1400.8216908307447,152.86529461717686,-726.9542778952712,1.0
1401.0682421862957,153.22756400219885,-726.9557999682542,1.0
1401.3045295885586,153.5972935040901,-726.9704749076159,1.0
1401.5806956153192,153.9459918876953,-726.9869902809951,1.0
1400.6212865600778,150.52069205284192,-726.996783481794,1.0
1400.7653198329356,150.87551927268117,-727.0351247912245,1.0
1401.045239623582,151.283309303637,-726.9783251871311,1.0
1401.1934726122008,151.6354309900541,-727.0164604036263,1.0
1401.4938977908205,152.03329704026896,-726.9692024774083,1.0
1400.5168407788865,148.1235115001785,-727.0890235851432,1.0
1400.716899296259,148.51176110914884,-727.0636301672955,1.0
1400.917292433504,148.89938878650446,-727.053220113999,1.0
1401.127862496478,149.28198546630966,-727.0299601881527,1.0
1401.3335075447062,149.66720769432067,-727.0271416588591,1.0
1400.2912581230535,145.780265237101,-727.1101233481695,1.0
1400.428550195003,146.14193293409306,-727.1444942579452,1.0
1400.7003329414092,146.55278699707566,-727.0805953434744,1.0
1400.8478496592807,146.90892699093945,-727.1193137928205,1.0
1401.1293393483793,147.3156352283832,-727.0650371117929,1.0
1400.363430008607,143.77253291613113,-727.1639281868249,1.0
1400.5681904977,144.15837917504194,-727.1591530941784,1.0
1400.7813594465524,144.54291265977122,-727.1343137448945,1.0
1400.9869168149198,144.92809384553158,-727.1350994668107,1.0
1400.0745438061547,141.3911421331303,-727.2449249961878,1.0
1400.3350735715135,141.80697546237457,-727.1774796312686,1.0
1400.474765309523,142.17074623257827,-727.2088809139664,1.0
1400.7387778675943,142.58542217427743,-727.1451139463439,1.0
1400.8632161286139,142.9567114758775,-727.1745650751693,1.0
1399.945545792544,139.0425382472992,-727.2278056273328,1.0
1400.1507047212742,139.4280519696348,-727.2258109419677,1.0
1400.3608138294487,139.81563211411458,-727.2053710513476,1.0
1400.5670881208644,140.19926515399789,-727.2022722830318,1.0
1400.780226138286,140.5873591835616,-727.1785825263114,1.0
1399.549341041741,136.70571919110324,-727.253983745471,1.0
1399.846768894845,137.10198097296916,-727.205524835409,1.0
1400.004536075638,137.4597553956242,-727.2472857582425,1.0
1400.2919385026387,137.86137861233078,-727.195869512251,1.0
1400.4473066696733,138.21952012334356,-727.2372988047816,1.0
1399.5579098810817,134.76336903726695,-727.2009998999042,1.0
1399.784014553993,135.1465744748234,-727.1806218642228,1.0
1399.9945685173957,135.52838505401127,-727.1867623077665,1.0
1400.2296386975534,135.90677100312547,-727.1745935470807,1.0
1399.3426226582917,132.3810883047455,-727.231061479175,1.0
1399.488109827514,132.74823387993467,-727.26347452592,1.0
1399.7573182004392,133.15937294677377,-727.2064524835657,1.0
1399.9090611033726,133.52243970070435,-727.2403585165125,1.0
1400.178755595796,133.9332872732188,-727.1825126302301,1.0
1399.1164557293928,129.9987623315605,-727.2583608239806,1.0
1399.3401620408463,130.38480501904417,-727.2343499006151,1.0
1399.5404359144989,130.77348203741406,-727.2319949484729,1.0
1399.7679673621728,131.1569033752619,-727.2135962309508,1.0
1399.9677551163272,131.54587188795625,-727.2120651227368,1.0
1398.8297203631728,127.64340350316849,-727.2500899986248,1.0
1398.9854328306183,128.0074915367989,-727.2835493275591,1.0
1399.2506722913324,128.42007948550764,-727.2236727318364,1.0
1399.4042410609668,128.78549976472374,-727.2590372328432,1.0
1399.6735609738498,129.19643152102452,-727.2070096453394,1.0
1398.7710650792878,125.66652359020026,-727.2169961693107,1.0
1398.9770769834213,126.05250366490105,-727.221408897243,1.0
1399.2066651013465,126.43702187648194,-727.2014080014771,1.0
1399.411218646986,126.82387643415632,-727.2082922611944,1.0
1398.391978875565,123.29212314484278,-727.2556480359998,1.0
1398.6657293077592,123.69909271616882,-727.2003537092571,1.0
1398.8316354896956,124.0612135915054,-727.2393101703249,1.0
1399.1047566787024,124.4697723509592,-727.1842960826044,1.0
1399.2570669619618,124.83837100643092,-727.2202210616558,1.0
1398.2000338685984,120.92796278514658,-727.2032487607586,1.0
1398.4022760803398,121.3152254734294,-727.2061971389631,1.0
1398.6372044414104,121.69984943948577,-727.1868822586093,1.0
1398.8415026711018,122.08573883993222,-727.1915297159513,1.0
1399.064835707617,122.47680603434111,-727.1667345766025,1.0
1397.8116442762516,118.54665295199868,-727.2352142748056,1.0
1398.09073429929,118.9512581162308,-727.1839072208559,1.0
1398.251014643004,119.3183387862677,-727.2177891993186,1.0
1398.5236497125127,119.72718904004608,-727.1635989555264,1.0
1398.6863845138137,120.09256388567144,-727.2019604204077,1.0
1397.753434566983,116.59715002754814,-727.1477853582517,1.0
1397.9961015326567,116.97904249815292,-727.1327893809939,1.0
1398.202312656609,117.36485630456599,-727.138592312567,1.0
1398.441066806201,117.74932908255602,-727.1215883806756,1.0
1397.3057023064212,114.29693938461367,-727.0504938922086,1.0
1397.498107875061,114.64987465433774,-727.1046952562208,1.0
1397.81726736648,115.03165430090274,-727.0729696533149,1.0
1398.0000775323856,115.3885280856274,-727.1225432387345,1.0
1398.2954171315066,115.78478337702518,-727.0801373568607,1.0
1396.9208865152405,111.95754040625889,-726.9884131014148,1.0
1397.174432534722,112.33700795595769,-726.9794806160032,1.0
1397.3961517993112,112.71379822663312,-726.9927717612052,1.0
1397.6624646021628,113.08607329104262,-726.9890620505728,1.0
1397.895293071809,113.45671182769001,-727.0086572986979,1.0
1396.8092128889175,109.92492685743116,-727.023867187643,1.0
1397.072196459562,110.33658420069435,-726.9642025665235,1.0
1397.219448937226,110.71814471397704,-726.9937707516931,1.0
1397.502196460398,111.11920441359581,-726.9422348500018,1.0
1396.8195666692045,107.41167677074571,-727.0828970258513,1.0
1397.008699754068,107.80759590640866,-727.0786888207299,1.0
1397.2262328972402,108.20848113415553,-727.0494251864334,1.0
1397.4107117305762,108.6063069143002,-727.0417960682314,1.0
1397.6204192415858,109.01235275681756,-727.0085165246674,1.0
1396.4396724601997,104.99614107478772,-727.1210608220001,1.0
1396.7253605604571,105.39520345567041,-727.073180562799,1.0
1396.8966012188068,105.76568260066705,-727.1159688231407,1.0
1397.1753798297682,106.16819118215557,-727.061578368081,1.0
1397.32919945322,106.54776945692328,-727.0957229405626,1.0
1396.1765254566467,102.62547793740652,-727.027734916387,1.0
1396.3931043502103,103.00446634688825,-727.0384289924364,1.0
1396.6462770947533,103.38895840351222,-727.0287122910415,1.0
1396.8668249005275,103.76649793112432,-727.0422609204592,1.0
1397.1136297191008,104.15280595797572,-727.029358035393,1.0
1396.103546121051,100.58433965738965,-727.0271323718786,1.0
1396.268101674622,100.96279070505466,-727.0667968313003,1.0
1396.5349980613482,101.3718677409326,-727.0091401648144,1.0
1396.699696738608,101.74902109479427,-727.0493482291422,1.0
1395.9049471771282,98.10512493985738,-727.0734205760438,1.0
1396.1227053571188,98.51300603123627,-727.0442420793049,1.0
1396.3194087581974,98.90279939490051,-727.0418129810757,1.0
1396.5487622627436,99.3042372579269,-727.0181147433318,1.0
1396.762058235714,99.6866869482356,-727.0232193683441,1.0
1395.7685058260774,95.58051422317504,-727.1384607497084,1.0
1395.8847369080365,95.99084448468727,-727.152897034101,1.0
1396.100598397315,96.43007124002662,-727.066597161173,1.0
1396.2297078026018,96.83300170571135,-727.0912506751952,1.0
1396.4619058955232,97.26144946889764,-727.0135489805144,1.0
1395.6226354037767,93.05582581333175,-727.2113167131276,1.0
1395.8110916292371,93.48431481201004,-727.1636258023408,1.0
1395.9727228092713,93.89603324833843,-727.1436687173143,1.0
1396.160007575917,94.32527150395345,-727.0962352907432,1.0
1396.316785284605,94.73906285305122,-727.0714670889952,1.0
1395.5028394242056,90.99163810469952,-727.2434391669178,1.0
1395.7301846980818,91.42462894222456,-727.1576250981345,1.0
1395.862235332755,91.82803225074258,-727.182632997266,1.0
1396.0910628252223,92.25990025250508,-727.1029461027579,1.0
1395.2861193412964,88.55700331724228,-727.1746523826612,1.0
1395.484647956775,88.94668004462267,-727.176983009873,1.0
1395.6907489493487,89.36812545402302,-727.1446234392658,1.0
1395.878343719492,89.76403599993273,-727.1334414611347,1.0
1396.0726501676922,90.1920909059732,-727.0942114278918,1.0
1394.6175687801847,86.27016879072738,-727.0552169769455,1.0
1394.973743666039,86.62391706419118,-727.0443264998858,1.0
1395.2046933672727,86.97274506564463,-727.1227245583339,1.0
1395.519316566155,87.35044169253808,-727.0861254559552,1.0
1395.709655235682,87.72372544203716,-727.1416180511721,1.0
1393.7260227858146,84.23350896354418,-726.6185771596467,1.0
1394.02065878119,84.56105749360847,-726.6680401247293,1.0
1394.371211023239,84.90143997738005,-726.7131830421818,1.0
1394.6923212406195,85.21511093148177,-726.7758947189105,1.0
1395.0498139033955,85.54848666981297,-726.8263982396584,1.0
1393.2001318995513,82.41238709734546,-726.344497237661,1.0
1393.3907749098212,82.79107962163357,-726.4128215326118,1.0
1393.695858802098,83.17384618904322,-726.372441250375,1.0
1393.90906256599,83.53877128318459,-726.4553075597192,1.0
1392.5693054510512,80.15550528230881,-726.1541835843548,1.0
1392.8195653924117,80.55656727429704,-726.1296024022436,1.0
1393.0246591967752,80.93685127845407,-726.1464131889102,1.0
1393.2728392600893,81.33953491106757,-726.1115342216017,1.0
1393.4705065242279,81.7271171549894,-726.1238082489015,1.0
1391.91169402077,77.9128746220606,-725.9442365609111,1.0
1392.097228243746,78.29267490189017,-726.0055129367648,1.0
1392.3806675252679,78.68749448528189,-725.9480963535434,1.0
1392.5641773140255,79.06757766968286,-726.0032228003155,1.0
1392.8452498178212,79.46414411973683,-725.9377224794656,1.0
1391.2392571799649,75.6689290886601,-725.7405727130752,1.0
1391.5127400064687,76.05848440224781,-725.7191999416286,1.0
1391.7302028068664,76.43437861926026,-725.7351518384121,1.0
1391.9785182702344,76.83660658854666,-725.713866032014,1.0
1392.194666488128,77.214547756299,-725.7295318081076,1.0
1390.6078104814783,73.89672081815155,-725.4730828992685,1.0
1390.9417727239502,74.25452004448687,-725.4464384325005,1.0
1391.1622534853445,74.61922694628169,-725.5397449375482,1.0
1391.486279286176,74.98736897284726,-725.4999363688787,1.0
1389.8065377807266,71.79896056397723,-725.0967628043613,1.0
1390.0297779189725,72.17022542357967,-725.1019819752703,1.0
1390.3127433036511,72.55110920956616,-725.0868450423282,1.0
1390.5693890563914,72.89739145510282,-725.1303255989453,1.0
1390.8872519546937,73.25873824549336,-725.1366238978387,1.0
1389.2035037754997,69.44933086079521,-725.0309216682631,1.0
1389.3883405706783,69.90516897944701,-724.8949475500083,1.0
1389.4988788371224,70.33830280208241,-724.906453063403,1.0
1389.7654070633412,70.74168166813166,-724.8481676544533,1.0
1389.9135506600405,71.14712734327912,-724.8977284606207,1.0
1389.3642932812268,67.2399617784755,-725.0105070334944,1.0
1389.444788328759,67.75419020705687,-724.8979074778033,1.0
1389.4407569703267,68.2697600500731,-724.8162835056191,1.0
1389.5440036153632,68.7684266491267,-724.735966981348,1.0
1389.328314127334,64.5742168298325,-725.1665552970319,1.0
1389.3496551554779,65.0685028107477,-725.1341374110333,1.0
1389.5559844094855,65.50948731455753,-725.034308059624,1.0
1389.5277179672455,66.036609076795,-724.9719250279617,1.0
1389.6500290090446,66.53214502476794,-724.8165701977435,1.0
1389.3239133797424,61.87638784162942,-725.3149603615249,1.0
1389.4244599317826,62.38236356209899,-725.2049742203121,1.0
1389.4033917985314,62.91351680533239,-725.0859349333415,1.0
1389.5795887149893,63.36926176521837,-725.0274356068636,1.0
1389.6059843543112,63.868911472715354,-724.9402666376293,1.0
1389.5819807647877,59.00036435664998,-725.6108855597287,1.0
1389.536949000138,59.54462835401961,-725.5349722777202,1.0
1389.6451155085997,60.05158450455161,-725.3830102519216,1.0
1389.5723426596342,60.6112763230459,-725.3107595496972,1.0
1389.6493020429398,61.13807394443444,-725.1260800796149,1.0
1389.5270688666058,56.89348866680132,-725.5847260135861,1.0
1389.6226128489238,57.35011957040825,-725.5256619997429,1.0
1389.7607744117574,57.83497559762236,-725.430777823155,1.0
1389.8310962394125,58.30808805455126,-725.3643516608635,1.0
1389.2108649610732,54.32173720682158,-725.6526249460858,1.0
1389.3625901496616,54.798928098526176,-725.5174757273853,1.0
1389.4376139859269,55.26944478246537,-725.5227165217498,1.0
1389.6139559460871,55.73149495618685,-725.4038083965797,1.0
1389.726138952778,56.17515273479103,-725.4271266643152,1.0
1389.2543722191795,51.61503377119101,-725.7341191243822,1.0
1389.3257468943575,52.090916473767095,-725.6721893216479,1.0
1389.3880756617173,52.62923336910893,-725.5427751313683,1.0
1389.4636816363882,53.101320154997836,-725.4761883857541,1.0
1389.5354059343626,53.63339464205728,-725.3533130278075,1.0
1388.9479906061256,49.02326617524119,-725.823392733457,1.0
1389.1426452316528,49.47228099624647,-725.7053365608767,1.0
1389.2364375736538,49.93550153954874,-725.7084537990846,1.0
1389.3963552503105,50.40828966317258,-725.5845517468773,1.0
1389.4826327199248,50.876297242419525,-725.5900377343091,1.0
1388.73313342361,47.000044985598436,-725.6416972569241,1.0
1388.92178059693,47.45722355420554,-725.5851818305957,1.0
1389.0351679138794,47.90417443867733,-725.5461406179538,1.0
1389.2078769231935,48.371799462862384,-725.4838074206598,1.0
1388.424706844834,44.451835847096504,-725.6221017799292,1.0
1388.5004740734485,44.930436678647595,-725.6188517605976,1.0
1388.6893835971605,45.38546063536751,-725.5037762065662,1.0
1388.7566714380268,45.868589461036095,-725.4914930683105,1.0
1388.9483223190057,46.321782367307435,-725.3786829531286,1.0
1388.302666054004,41.769675407533555,-725.7101138367165,1.0
1388.4139189093344,42.28302476887376,-725.600194660245,1.0
1388.5030015190896,42.749683115641915,-725.5446944978016,1.0
1388.6129314159793,43.2634512966286,-725.4508400140257,1.0
1388.702069469563,43.728770907342835,-725.399487707698,1.0
1388.232875388934,39.041490739507935,-725.8124679406814,1.0
1388.2734221583837,39.554037014280254,-725.790990856127,1.0
1388.4006982114865,40.04729273894554,-725.6454415974808,1.0
1388.4379607557412,40.55835997140571,-725.6249775766516,1.0
1388.5646636617857,41.05433630971447,-725.4805551557624,1.0
1388.3222636480584,36.794916332620346,-725.8783992673776,1.0
1388.3975833753507,37.26959850611564,-725.8107253119515,1.0
1388.508399788279,37.790153140911116,-725.7089236193856,1.0
1388.5672152758418,38.27469019158218,-725.6268104321272,1.0
1387.8931236279113,34.24384055592935,-725.8966197452296,1.0
1388.1204198769926,34.6723877758933,-725.800210779088,1.0
1388.1851372581846,35.17062257483525,-725.7749969686627,1.0
1388.3424012574355,35.64528279115848,-725.645225226396,1.0
1388.4104176956819,36.14064998696074,-725.6472491290724,1.0
1387.6951043389117,31.63742684718983,-725.8341004174654,1.0
1387.8544184183158,32.05780592931103,-725.8133532347878,1.0
1388.048630871599,32.52208611602566,-725.7576089614294,1.0
1388.18043597484,32.96157669085795,-725.7308611974701,1.0
1388.3386600642118,33.44949636440134,-725.6600832239058,1.0
1387.0543389350917,29.23124992405593,-725.7223054657844,1.0
1387.2723266811179,29.663610432983432,-725.6190546734813,1.0
1387.3987806969403,30.121778022348337,-725.6456598359066,1.0
1387.6191590807894,30.552143311824636,-725.5590914872919,1.0
1387.7586345436287,31.001613411558935,-725.5964574842529,1.0
1386.7744884586982,27.20022157968657,-725.5317263070351,1.0
1386.9567877563163,27.674630765625125,-725.4738654148141,1.0
1387.0972553306624,28.108833400364915,-725.435892711355,1.0
1387.2899307738276,28.578045320465492,-725.3665721502246,1.0
1386.3352231770193,24.699369879555377,-725.4315237297938,1.0
1386.40229384557,25.204952357495756,-725.4305889968628,1.0
1386.5861584017525,25.66137346479661,-725.2962625664645,1.0
1386.6996876786566,26.132377878705825,-725.288850572378,1.0
1386.897242921601,26.578857633146356,-725.195251705618,1.0
1386.5338299264054,21.7301940175833,-725.70468784087,1.0
1386.564983945509,22.32002370846584,-725.5592871978682,1.0
1386.5287720222996,22.881561657158727,-725.426630451451,1.0
1386.5320817930665,23.48865461079754,-725.2635471199975,1.0
1386.5438268332623,24.015085337383937,-725.1521885487647,1.0
1386.6862516496694,19.3445195416229,-725.8873751115075,1.0
1386.869247783178,19.80215835751062,-725.772740379821,1.0
1386.9471736454402,20.305564267333864,-725.769270432676,1.0
1387.0608796168653,20.812459904053753,-725.6193846259303,1.0
1386.6933729191396,16.545177421156495,-725.9486175349155,1.0
1386.7786001135448,17.0204878239644,-725.8853535018111,1.0
1386.9300463038458,17.52706103467932,-725.814900505017,1.0
1387.0842206645254,17.95210841717642,-725.7882549958058,1.0
1387.2660287282142,18.437531774193474,-725.7310624739936,1.0
1386.7909173351227,13.557804264750132,-726.2693343801782,1.0
1386.9619764528693,14.025820432650562,-726.1439843235689,1.0
1387.0178541503083,14.552334571785138,-726.1205421946381,1.0
1387.0501659601023,15.12041042794226,-725.9155476769445,1.0
1387.0774824861555,15.665735975710163,-725.8783073497939,1.0
1386.0523826082476,11.289534335927613,-725.90175472837,1.0
1386.26249487395,11.658981318944996,-725.8913740834125,1.0
1386.5229693732374,12.106252507692489,-725.8953125927196,1.0
1386.7480159802176,12.466926407045946,-725.8968482565292,1.0
1386.985785949893,12.926792558173872,-725.889002403918,1.0
1386.1396323426266,8.884004658752474,-725.9971758432059,1.0
1386.013230521287,9.549976038459818,-725.8726701226291,1.0
1386.0967577026818,10.07726158290285,-725.6892657824777,1.0
1386.1870467942458,10.584530220766112,-725.688082729311,1.0
1387.0984557689858,5.288940966328596,-726.6878934570752,1.0
1387.1497915782204,5.880784962526093,-726.5585439159429,1.0
1387.0908700109674,6.465640550353498,-726.4139473340878,1.0
1387.0702065368846,7.109952196136362,-726.2393291717212,1.0
1386.7735161739975,7.868625281761638,-725.9596938249566,1.0
1387.1872854577605,2.320930139776465,-726.8970838359072,1.0
1387.2923419068165,2.820971740567984,-726.8986747805411,1.0
1387.4505478659341,3.3010796746460187,-726.7651036856003,1.0
1387.5177043614203,3.829776679438339,-726.7439029410348,1.0
1387.6333799755366,4.340198309210166,-726.5927179498742,1.0
1386.974658166944,-0.42871781005692355,-726.9324601513158,1.0
1387.1524051764309,0.0713062249025711,-726.8725605964441,1.0
1387.292611668097,0.5127962175989751,-726.8354968744712,1.0
1387.4657605221855,1.0158583225558573,-726.7730230052537,1.0
1387.5844584554516,1.471415829476598,-726.7292148858253,1.0
1386.7755716816519,-2.61345167816512,-726.9313164290759,1.0
1386.979933249871,-2.168582682698684,-726.8228824899386,1.0
1387.1173766588345,-1.6875036786070154,-726.8405825812548,1.0
1387.313482571522,-1.2360511485298957,-726.7298031755131,1.0
1386.5726127086587,-5.331974063056407,-726.861851331018,1.0
1386.7077349254287,-4.88715450603803,-726.823037138627,1.0
1386.871912505539,-4.371020397454458,-726.7554997782751,1.0
1387.0108037624,-3.929953615587692,-726.721451192993,1.0
1387.1841209048766,-3.423497234083925,-726.6615171199795,1.0
1386.2038716954548,-8.037432454035638,-726.9205683075693,1.0
1386.4483323588836,-7.6238898442096,-726.8371687416743,1.0
1386.6076195984206,-7.155030124387736,-726.8732953376161,1.0
1386.7958998789454,-6.69841697954007,-726.758500022607,1.0
1386.9211438848643,-6.204613588618145,-726.7729962852486,1.0
1385.5636980367985,-10.43508597512664,-726.6118952248523,1.0
1385.8081527624308,-10.074451211666144,-726.6358211394092,1.0
1386.0844609571006,-9.640731360003883,-726.6308346662081,1.0
1386.3136074142158,-9.268769167523772,-726.645361313396,1.0
1386.5700091849703,-8.820683816844394,-726.6284012584798,1.0
1385.2574856261836,-12.599731154551762,-726.4882383259289,1.0
1385.4355645792516,-12.140886089725143,-726.5341413291553,1.0
1385.6868225397182,-11.733052531536202,-726.4555587616497,1.0
1385.8778984274054,-11.285126765120822,-726.5069251507329,1.0
1385.0367101651193,-15.3881153961093,-726.5215880749824,1.0
1385.2592930867731,-14.91056067226748,-726.4863840817048,1.0
1385.432315909414,-14.491926357680597,-726.4670603211322,1.0
1385.6523005974902,-14.013838277193429,-726.430134493911,1.0
1385.8176970077868,-13.590209616123616,-726.4081850277116,1.0
1384.7548434490732,-18.13742793853038,-726.5244868742275,1.0
1384.898474309853,-17.647524312413452,-726.5524261781151,1.0
1385.1162312523288,-17.21390715193337,-726.4522360321156,1.0
1385.264977971737,-16.72842347340338,-726.4774749564764,1.0
1385.4802488728942,-16.292010105246845,-726.3772561740028,1.0
1384.5124839355128,-20.92582057691368,-726.5451036519316,1.0
1384.7386063983095,-20.445821653531823,-726.5111233973043,1.0
1384.90531739111,-20.024239943201906,-726.489460051795,1.0
1385.1186737228377,-19.53457837296139,-726.4469557650078,1.0
1385.2735592398337,-19.102826621156908,-726.4195715494261,1.0
1384.4082719158978,-23.223117649852384,-726.5924301132047,1.0
1384.620801459788,-22.78487323124716,-726.4899458918815,1.0
1384.7636606059923,-22.289612561629838,-726.5143205725044,1.0
1384.9702213158512,-21.847414547802998,-726.4081293174102,1.0
1384.236301857732,-26.03256507696716,-726.5479314569297,1.0
1384.393443264798,-25.599882719717243,-726.520335266745,1.0
1384.5938033142072,-25.0968316894959,-726.4690663367202,1.0
1384.7387201535303,-24.656116915765665,-726.4362701265626,1.0
1384.931796786404,-24.147065339582923,-726.3810080420769,1.0
1383.896520863007,-28.81547276727497,-726.6220082152821,1.0
1384.1161346036147,-28.3830626263437,-726.5221269447791,1.0
1384.2707012666328,-27.89198233404767,-726.5536750818663,1.0
1384.4802025535769,-27.451781638957016,-726.4511394692626,1.0
1384.6173172502668,-26.948041672055524,-726.4751935110532,1.0
1383.8130364074423,-31.15529288118921,-726.5145375282605,1.0
1384.021191157584,-30.653841920904085,-726.4684341000666,1.0
1384.1856159811855,-30.22716010961568,-726.4448310643427,1.0
1384.3877458011661,-29.722886979624377,-726.394174003643,1.0
1383.5018320984605,-33.92801964884245,-726.498699208801,1.0
1383.660822861757,-33.43511918790608,-726.5334276478918,1.0
1383.8751531076496,-32.9992132143654,-726.4304057033303,1.0
1384.0260319914044,-32.49855675105215,-726.4600310233416,1.0
1384.2303374634944,-32.05481918110121,-726.3507504854696,1.0
1383.196028590883,-36.7127020748278,-726.4878502343888,1.0
1383.4191492660343,-36.22111458147157,-726.4492122650172,1.0
1383.5763467692293,-35.78730079870593,-726.4224626735671,1.0
1383.7855859506258,-35.284169976038584,-726.3764047549859,1.0
1383.9361853766018,-34.84481340992363,-726.3462283687871,1.0
1382.8980558298997,-39.51326779233773,-726.4811726427637,1.0
1383.043963283318,-39.00454875210187,-726.5074394324456,1.0
1383.2631785842884,-38.57180607459543,-726.4047777546612,1.0
1383.4018026211709,-38.057086488398,-726.4270513898821,1.0
1383.612961486428,-37.61792654456855,-726.3234344491341,1.0
1382.86102243681,-41.85672481635788,-726.4558059809333,1.0
1383.0135347570467,-41.417443844276136,-726.4267850689657,1.0
1383.2191170906108,-40.90829739542596,-726.3776547407451,1.0
1383.3590624995968,-40.45952004477317,-726.3415000002581,1.0
1382.5050929322529,-44.67082010655099,-726.5277475087014,1.0
1382.7223953389625,-44.23800183501146,-726.423930356686,1.0
1382.8724715767112,-43.72842778336337,-726.4511406459958,1.0
1383.0818613236977,-43.28801977773435,-726.3436105785418,1.0
1383.216454585508,-42.7647302199984,-726.3653288455209,1.0
1382.2489303619145,-47.48163336655466,-726.4304117949557,1.0
1382.425205826019,-47.06042962639077,-726.4145258206024,1.0
1382.6433241394027,-46.55721901127731,-726.3736789134648,1.0
1382.7978924775894,-46.11931132703205,-726.3463570806344,1.0
1383.0012447380836,-45.60393335170778,-726.2961336609341,1.0
1381.775044532456,-50.210658498408065,-726.436639006708,1.0
1382.0311062871722,-49.811811632119145,-726.3555739159467,1.0
1382.210254328202,-49.31911867464834,-726.4010560082274,1.0
1382.450434667343,-48.90622376569638,-726.311718487854,1.0
1382.6064488076925,-48.39704276443547,-726.3437854034984,1.0
1381.702961703515,-52.625783603261254,-726.3321950248599,1.0
1381.9382457358488,-52.13263727514686,-726.2977550032067,1.0
1382.1112937231883,-51.70931099020993,-726.2804274339322,1.0
1382.3314687068232,-51.205003501363365,-726.2379783485507,1.0
1381.3528849571223,-55.43004749395391,-726.2972951377383,1.0
1381.5364010023013,-54.936665793358486,-726.3451109332879,1.0
1381.7760397781158,-54.52214065402819,-726.2524494007271,1.0
1381.9375057015682,-54.013061208829924,-726.2901967866338,1.0
1382.1557803472738,-53.58082592593939,-726.1847319467618,1.0
1380.9965273123198,-58.23492453373791,-726.2589060731167,1.0
1381.2581166259693,-57.76152021970239,-726.2384762242866,1.0
1381.4558439000434,-57.357985580848094,-726.231789306035,1.0
1381.6930969227672,-56.86378342125113,-726.1993513573477,1.0
1381.8675716848693,-56.440241236022814,-726.1840031062327,1.0
1380.6218389087858,-61.034770383201305,-726.2079205659838,1.0
1380.8209191907306,-60.549280792828085,-726.264071173897,1.0
1381.0793238630765,-60.15193244041245,-726.1824911147038,1.0
1381.2654942379622,-59.657952670946884,-726.2328753429317,1.0
1381.5054753572845,-59.244891493707314,-726.1421476189175,1.0
1380.5530689090012,-63.40127454409571,-726.1634851551457,1.0
1380.7571634567444,-63.00202603703832,-726.1632856779463,1.0
1381.0134383442482,-62.52156534555883,-726.1408647476213,1.0
1381.1982247798323,-62.10597998277757,-726.1295610422478,1.0
1380.025104989312,-66.12433100386033,-726.1393325249164,1.0
1380.3164432993221,-65.75829815527703,-726.0773410981125,1.0
1380.5312309417227,-65.28199836892912,-726.142370123295,1.0
1380.8020896807593,-64.89887940768534,-726.069531952533,1.0
1380.9930271517321,-64.40207327010086,-726.12172903393,1.0
1379.779800525368,-69.01622950913276,-726.0516032762996,1.0
1379.9851226280553,-68.61659883349648,-726.0519929136191,1.0
1380.2551919817538,-68.14525235200904,-726.0372949263322,1.0
1380.4497169437618,-67.73490319803153,-726.0311626044572,1.0
1380.7037056620666,-67.24934240559355,-726.0068019839176,1.0
1379.2836599950888,-71.77944346703129,-726.0482988349296,1.0
1379.5809110430014,-71.41849563918521,-725.989167843162,1.0
1379.794440199027,-70.9390174765818,-726.0547573463891,1.0
1380.0710131084484,-70.55834710621832,-725.9800881496415,1.0
1380.2701192073932,-70.06569538392563,-726.0349336914717,1.0
1379.282105519494,-74.32319393176567,-725.9787871659977,1.0
1379.534350284227,-73.83169310717818,-725.9525096100501,1.0
1379.7271615717925,-73.42143462745508,-725.9466120175846,1.0
1379.9822908174815,-72.93306254711928,-725.9231435053925,1.0
1379.0150918016648,-77.26695933921513,-725.9937055276374,1.0
1379.192971779759,-76.74717249041146,-726.0361358935428,1.0
1379.4274140884188,-76.33158063779041,-725.9400306930947,1.0
1379.5812440229654,-75.79359133103185,-725.9715401689548,1.0
1379.801032470994,-75.36356926716877,-725.8677516534135,1.0
1378.8034099534666,-80.267454472375,-726.0370689559943,1.0
1379.0432567476378,-79.76059283110004,-726.0028961103501,1.0
1379.2156452126605,-79.32964665163138,-725.9836971152802,1.0
1379.4458095765372,-78.81641737603718,-725.9451994848723,1.0
1379.6077432443885,-78.37621668031824,-725.9214123391548,1.0
1378.7677815643606,-82.75298644358622,-726.1247055395777,1.0
1378.9834018803597,-82.32134922956595,-726.0166722670272,1.0
1379.1393136498564,-81.77757107872429,-726.0485757559416,1.0
1379.3459936233075,-81.33642240591172,-725.9343293996933,1.0
1378.647815158034,-85.81566531853736,-726.1021716335666,1.0
1378.853934792296,-85.41422955448184,-726.1048208280678,1.0
1379.1074329289727,-84.91518442939582,-726.077827320556,1.0
1379.278020691993,-84.48189980486273,-726.0591660487244,1.0
1379.4802486655417,-83.9382554704394,-726.0031332501734,1.0
1378.0104760197428,-88.49524692523005,-726.0248024903564,1.0
1378.3216394928404,-88.14940297152941,-725.9719418552348,1.0
1378.5750634098263,-87.69036224952504,-726.0610200545442,1.0
1378.883430081829,-87.34134850932196,-726.0017461244573,1.0
1379.1247738593631,-86.87063274150154,-726.0795653939379,1.0
1377.5662651313257,-91.2794263259666,-725.8216487074333,1.0
1377.7657873406702,-90.86997761699217,-725.8175698498048,1.0
1378.0417649701408,-90.39052331791868,-725.8022755666536,1.0
1378.2509128613494,-89.9910438303487,-725.8049761524355,1.0
1378.5377437276286,-89.5211765841006,-725.7970504272133,1.0
1377.3810886094811,-93.75740557756632,-725.7661758609815,1.0
1377.5341668797198,-93.19864458020334,-725.7959614313556,1.0
1377.754472378677,-92.77247455549923,-725.6901994793225,1.0
1377.9136065105072,-92.22009627267664,-725.7233890896387,1.0
1377.2924573450985,-96.9285213025853,-725.8793974564917,1.0
1377.50893562521,-96.38825196607462,-725.8281120922333,1.0
1377.6360479258349,-95.9119682021402,-725.7855770311933,1.0
1377.83038905666,-95.3535720017079,-725.7245262511208,1.0
1377.9418198138292,-94.86093630182859,-725.6718077067285,1.0
1377.014882159727,-99.93432307568963,-725.8869711198333,1.0
1377.1727275260528,-99.37273571020762,-725.9185695433766,1.0
1377.391320002869,-98.94418619818839,-725.8097410633719,1.0
1377.5349969757606,-98.37093027735853,-725.8361335852746,1.0
1377.7373650411923,-97.92933892215501,-725.7204001244922,1.0
1376.8276594310316,-103.0331039110074,-725.9431279688554,1.0
1377.037221802814,-102.48360602027589,-725.8917794499807,1.0
1377.1760725516833,-102.0150631784972,-725.8552682528418,1.0
1377.3902646625957,-101.46969374102821,-725.8020431983689,1.0
1377.5233457972522,-100.99736357231541,-725.7632151710999,1.0
1376.94064481931,-105.71214231262962,-726.116521191349,1.0
1377.1005096613426,-105.22813480667384,-725.9752662535018,1.0
1377.1955405216834,-104.60365090123224,-725.9730362522259,1.0
1377.3437236639015,-104.10830088603564,-725.8233027918316,1.0
1376.0553491388873,-108.13216260169469,-725.6626278751662,1.0
1376.5169704232148,-107.96985223658442,-725.8108240998463,1.0
1376.9049715894178,-107.58579772221736,-725.8565429798964,1.0
1377.2044668228714,-107.26857462010696,-725.907671277839,1.0
1377.4942086394071,-106.79220382462165,-725.8979482729084,1.0
1373.3522749668864,-107.52913671364945,-724.1310323149103,1.0
1374.430901345641,-107.92491910772213,-724.5081785808289,1.0
1375.5717651175742,-108.27719479650926,-725.0923699379944,1.0
