1246.738954109686,228.65006031287132,-856.4440162054434,1.0
1247.320022775134,227.92615729913052,-856.708250439919,1.0
1247.6051149384157,227.70491623986084,-856.4594516021637,1.0
1248.1221700142173,227.06415760531286,-856.6133849967366,1.0
1248.3570974335912,226.94175008168833,-856.4174296157539,1.0
1248.9204308742108,226.2232432639844,-856.6664867970771,1.0
1249.184720195744,226.01102211843335,-856.3948650964853,1.0
1249.7947799856106,225.3231244386899,-856.6324886101838,1.0
1250.01306043988,225.21084889521285,-856.4334965238402,1.0
1250.6550102209512,224.44912143042978,-856.734375015255,1.0
1250.9202432328836,224.23700801066212,-856.4727582060048,1.0
1251.5597084924289,223.53221266610393,-856.7262810112368,1.0
1251.778069861413,223.41715730611338,-856.5080206584064,1.0
1252.3008163145596,222.71518444619068,-856.7291435408384,1.0
1252.5295491191287,222.52116442499857,-856.4246972528053,1.0
1253.1262012945958,221.84132557158728,-856.65700181632,1.0
1253.3259482709582,221.72928755638685,-856.409579842355,1.0
1253.9943963990559,220.95171648361554,-856.7458110985804,1.0
1254.520484083659,220.2462057134116,-856.9687558938648,1.0
1254.837270443175,220.06607177767904,-856.6741456798967,1.0
1255.397366425746,219.28093966660964,-856.9765000399748,1.0
1255.7054599278772,219.1744025773466,-856.7814686308917,1.0
1256.385165158058,218.3891289492999,-857.1205191635308,1.0
1256.6981649377963,218.2108965525818,-856.8398389880497,1.0
1257.103845121711,217.50036863159488,-856.9928347763041,1.0
1257.352934984663,217.42476124804745,-856.7525604144996,1.0
1258.0249982480861,216.64051173896058,-857.0763285535533,1.0
1258.281263463155,216.48765299595078,-856.7332595337584,1.0
1258.9411377311058,215.64941006606836,-857.1238269174539,1.0
1259.2101303019756,215.56108885750774,-856.8690184263417,1.0
1259.8781978936904,214.7763839545716,-857.2085608240734,1.0
1260.0951627005898,214.64972068972844,-856.8446285540983,1.0
1260.6295976833512,213.86703922279668,-857.1022000189976,1.0
1261.2501854187572,213.16583294565197,-857.3440713120078,1.0
1261.5311016183039,213.00898790222413,-857.1456482049836,1.0
1262.0697769416936,212.28548188318246,-857.366000241371,1.0
1262.3420735315865,212.0669738061476,-857.087793849935,1.0
1263.0763675207174,211.30462065968499,-857.4151517008477,1.0
1263.3258938522954,211.16452000363415,-857.2069152427464,1.0
1263.8791839013336,210.4292648279856,-857.4166198785545,1.0
1264.121720781629,210.2271220914439,-857.139145225711,1.0
1264.7739827718908,209.50668843091177,-857.388231051855,1.0
1265.003558843718,209.37461136741797,-857.1662975434721,1.0
1265.6090359827158,208.61153177831295,-857.4271520619279,1.0
1265.8808764519374,208.3939561334223,-857.1614725429425,1.0
1266.532388319618,207.66660137071653,-857.3886144478225,1.0
1266.7404849860795,207.55114119050194,-857.1719263567408,1.0
1267.4339213116857,206.7367741085019,-857.4710140567832,1.0
1267.6628471054084,206.54239337778915,-857.1715510052125,1.0
1268.2763078975759,205.83694754963602,-857.4001470242805,1.0
1268.766230942184,205.06368096666404,-857.6061428372064,1.0
1269.1204037542257,204.93026307141236,-857.4264450472531,1.0
1269.7750222002967,204.13461884627623,-857.7287926632578,1.0
1270.1292312022058,203.93841051113833,-857.4721055284444,1.0
1270.750494133947,203.09683928584258,-857.7661996615572,1.0
1271.0945409037008,202.96881084976826,-857.6171843917286,1.0
1271.6607295642084,202.21645260168003,-857.826556206124,1.0
1272.039495203426,202.01034019590918,-857.609339075352,1.0
1272.6193129459384,201.18423913719562,-857.8848867657528,1.0
1273.0110807128217,201.02984473953546,-857.7162617340621,1.0
1273.4769277560995,200.32770805307467,-857.8558957751575,1.0
1273.8435469317537,200.1230354878739,-857.601727454716,1.0
1274.35901414997,199.33316004110645,-857.8213849290298,1.0
1274.7260473473384,199.19151170472168,-857.6586538829246,1.0
1275.317152326999,198.42192646111585,-857.904142285666,1.0
1275.81248575467,197.7001122933267,-858.0404073518082,1.0
1276.220106374556,197.41286107653076,-857.880013492542,1.0
1276.7773216184419,196.71769739283963,-858.0264467651273,1.0
1277.1255269139929,196.52554527071078,-857.899519037156,1.0
1277.6079301033055,195.80894622372261,-858.0328495716333,1.0
1277.9660557548636,195.5472746517666,-857.83067137856,1.0
1278.5468468768445,194.83806646922687,-857.9900247963365,1.0
1278.8661299878477,194.65880208530763,-857.8226073934239,1.0
1279.4656553786351,193.87913099671545,-858.0594140672887,1.0
1279.8212818977156,193.6193434838553,-857.8528535618366,1.0
1280.451771749529,192.88162614354383,-858.0621996287712,1.0
1280.7563925830505,192.70942068377525,-857.8771984468486,1.0
1281.37177097046,191.91950903180788,-858.1309111388055,1.0
1281.700335810664,191.67267586975026,-857.9074731188605,1.0
1282.361684982814,190.91430750277613,-858.1145306074975,1.0
1282.665731422803,190.74500792266753,-857.9532407301961,1.0
1283.3065255172728,189.936576990962,-858.2116521704377,1.0
1283.7719821198134,189.220196277443,-858.3259888745739,1.0
1284.1735896173209,188.9958359130345,-858.0929205110756,1.0
1284.7058382877785,188.18343098598626,-858.3209329518999,1.0
1285.1084446835516,188.0198465007577,-858.1672767701976,1.0
1285.6363375544615,187.26687588475204,-858.3210962855022,1.0
1286.037585948789,187.0433857783587,-858.0744590713145,1.0
1286.6013581063562,186.21151796410464,-858.342986523942,1.0
1287.0083405323871,186.04560734132315,-858.2020362252207,1.0
1287.5164925248087,185.29979091730365,-858.3318533368601,1.0
1287.926181717637,185.07398269284135,-858.1168290843423,1.0
1288.374806167665,184.2982300007356,-858.2471859786599,1.0
1288.7416361821927,184.15305851041296,-858.059324350819,1.0
1289.2638075406928,183.39708374939892,-858.1788329423377,1.0
1289.6172556476695,183.19652311549834,-857.8969768073716,1.0
1290.262545648582,182.3183204849778,-858.216385765548,1.0
1290.5742277002432,182.20172978699065,-858.0040324838658,1.0
1291.3081669050048,181.33259608888238,-858.3244775024559,1.0
1291.9346799485384,180.5187635496211,-858.5684019057699,1.0
1292.2965115544916,180.2547439217294,-858.3631008075038,1.0
1292.9475116928033,179.48402146620782,-858.518493277599,1.0
1293.2646757405469,179.3070859434169,-858.3836348371592,1.0
1293.8928893741474,178.48943701073432,-858.6071498515751,1.0
1294.2547314631192,178.2260749128664,-858.4135349653901,1.0
1295.0373010793674,177.38403077980047,-858.7188063760007,1.0
1295.3392615296457,177.2128163452852,-858.5510371482881,1.0
1296.0052843626113,176.37191892728634,-858.8055194483989,1.0
1296.3649654562478,176.10825557045138,-858.5977186763623,1.0
1296.9386146895413,175.3791848607795,-858.7167797440808,1.0
1297.2417717680498,175.20362256596565,-858.5213579535235,1.0
1297.8783520625225,174.37559011034926,-858.7433959945922,1.0
1298.2148865236081,174.12488998124496,-858.5137505826788,1.0
1298.9128712582544,173.32635171525772,-858.7435724116715,1.0
1299.47727786953,172.4743414497804,-858.9690780190026,1.0
1299.9260867113358,172.2805001287103,-858.8497709050755,1.0
1300.5115631344788,171.47651509143088,-859.0343908136374,1.0
1300.945311201201,171.2358787749494,-858.816157456095,1.0
1301.4758454934708,170.39876193145994,-859.0037176769326,1.0
1301.9561296918891,170.1872201575972,-858.9136166616036,1.0
1302.5372139819976,169.38284361548597,-859.092358143838,1.0
1303.033290237915,169.1114747074925,-858.9449393749078,1.0
1303.482216157102,168.31313596645492,-859.0638167450252,1.0
1303.9279740634279,168.1191833385817,-858.9131140983754,1.0
1304.5942762421869,167.26729014534232,-859.166588982893,1.0
1305.0367285282593,167.0205376547337,-858.9539973449153,1.0
1305.6181417864832,166.15107248422413,-859.1791862419122,1.0
1306.0183082419587,165.98181448683232,-859.0272206067327,1.0
1306.6437987057025,165.14806970425798,-859.2211804528457,1.0
1307.0503461439816,164.91781979261265,-858.9654204556261,1.0
1307.56213137866,164.08620243247947,-859.1502920773453,1.0
1308.176090390456,163.31586751122194,-859.2623970771758,1.0
1308.5718339991686,163.08845230548485,-859.1543538461267,1.0
1309.2284563519563,162.23390594238515,-859.3973758998527,1.0
1309.6492493756812,161.93955282211715,-859.1990340391762,1.0
1310.3296984739059,161.1252894597007,-859.3980951331408,1.0
1310.675523488504,160.92659528228216,-859.2386783942361,1.0
1311.472790459938,159.99140836734767,-859.5968403548777,1.0
1311.8388483742315,159.72506345934744,-859.3803709355199,1.0
1312.5471531198145,158.89795432935603,-859.5824402312464,1.0
1312.9450639222841,158.6664478280773,-859.4531469509296,1.0
1313.530600405603,157.84522621923463,-859.6184563188162,1.0
1313.9321024730893,157.56148741331737,-859.4190211171428,1.0
1314.6607282219497,156.71323662903865,-859.6261979931525,1.0
1314.994325568938,156.52198844213837,-859.4575594642572,1.0
1315.6224870104425,155.67476846933272,-859.6693037182145,1.0
1316.2445347628077,154.82965832506886,-859.8722065105803,1.0
1316.7638827012233,154.5325075204505,-859.6830897478533,1.0
1317.283450009554,153.68952865358494,-859.8700483555727,1.0
1317.7475979817905,153.47780510536882,-859.7317956073256,1.0
1318.3977159153696,152.61435087718746,-859.9491399956933,1.0
1318.8737094497233,152.340818727841,-859.7234779829857,1.0
1319.4254657470979,151.47657514105452,-859.928119376674,1.0
1319.8859077649395,151.26719964877424,-859.7929895336197,1.0
1320.473477645042,150.43468988265187,-859.9381384746777,1.0
1320.9386911640217,150.16924291648445,-859.7205027372678,1.0
1321.6015955019627,149.24015239573282,-860.0235056675517,1.0
1322.0562511954568,149.03327021734225,-859.8665057105443,1.0
1322.6556033948489,148.1916780894348,-860.0366283929324,1.0
1323.0783210008553,147.94768723630358,-859.7645984161702,1.0
1323.8297471007568,146.96673578514492,-860.1360728272733,1.0
1324.2539520427526,146.77488196881683,-859.940603396523,1.0
1324.929260488685,145.8878338856489,-860.1713182100202,1.0
1325.5591013763856,145.02556709780708,-860.3710719340829,1.0
1325.9774433981302,144.73133560222146,-860.179656674233,1.0
1326.7016456763986,143.86757902803754,-860.3692266376454,1.0
1327.1026670736928,143.63531529043541,-860.2371493325948,1.0
1327.6830726524106,142.79775960430698,-860.3609391653941,1.0
1328.0886935277267,142.51110016238624,-860.164745153688,1.0
1328.9114409729946,141.58809526038613,-860.4367134696694,1.0
1329.3321019466885,141.34368942039424,-860.3076121442239,1.0
1330.0055822040022,140.4488683144006,-860.5243900339393,1.0
1330.411460301746,140.16280337093042,-860.337660715247,1.0
1331.1340166081989,139.293481867811,-860.5150519124511,1.0
1331.483371269479,139.08906531949248,-860.3237793088533,1.0
1332.1328630845942,138.20563495898057,-860.5128118250254,1.0
1332.497746671856,137.94196299915478,-860.2817315767395,1.0
1333.3320732535726,137.00635258143177,-860.5535430523155,1.0
1333.696428329477,136.79269179089965,-860.370050654255,1.0
1334.3887544840406,135.88239366585378,-860.5952127031144,1.0
1334.9930631278119,135.02126160465764,-860.7506853119089,1.0
1335.4733684591495,134.74444810978696,-860.5332477256309,1.0
1336.114194437721,133.80892084552306,-860.8011206900633,1.0
1336.5914724145555,133.58077624560696,-860.6184275084397,1.0
1337.2897408138058,132.6635913947183,-860.8538979402058,1.0
1337.7742829365025,132.38511014976302,-860.6369782449169,1.0
1338.4652103046549,131.4166172842012,-860.941060608394,1.0
1338.9430191184538,131.18915299013628,-860.7620082229522,1.0
1339.5068109171157,130.34434387361858,-860.86705318748,1.0
1339.928439684734,130.10206990324622,-860.5998051293112,1.0
1340.5738621365085,129.15755196401295,-860.8648425690376,1.0
1340.9852610220964,128.96777359989585,-860.6282793725252,1.0
1341.8596507995708,127.94162155558791,-860.9971380323657,1.0
1342.3094139816767,127.6819587092694,-860.7488130267501,1.0
1342.9228678873528,126.7520409525406,-860.9806262728205,1.0
1343.729640468703,125.81660561502775,-861.2061587392686,1.0
1344.1399407682125,125.5720934902036,-861.0475507159692,1.0
1344.8502928444123,124.63638192359986,-861.273185214892,1.0
1345.2878451970123,124.33108959674223,-861.0936704293331,1.0
1346.0232311298982,123.43197070054686,-861.2593776177307,1.0
1346.4149325608983,123.19964622976693,-861.0817027830279,1.0
1347.1516171594303,122.24537427023466,-861.3256432993419,1.0
1347.5669292117327,121.95234652789372,-861.1262049309313,1.0
1348.3040262177044,121.05006876830089,-861.283188942512,1.0
1348.6828511606009,120.82325709626946,-861.0953748206147,1.0
1349.3998591139189,119.87709453669459,-861.3197943898148,1.0
1349.7980471144078,119.59381614659753,-861.106473764332,1.0
1350.6285088056204,118.6338500834899,-861.335333346151,1.0
1351.0311026157656,118.39263320308896,-861.1654226059068,1.0
1351.6665448845729,117.49134156075911,-861.3191906231608,1.0
1352.0689696764211,117.2063954205774,-861.1063878886672,1.0
1353.0705918390483,116.1420366512395,-861.4679549081193,1.0
1353.580170485548,115.25978640907067,-861.6063029651904,1.0
1354.1958789141027,114.94394965353564,-861.5148462937759,1.0
1354.8197265223484,114.04609321767458,-861.6586763417044,1.0
1355.3944641219455,113.71178580991716,-861.4934211161014,1.0
1355.8894554965877,112.8349808964594,-861.6218919296027,1.0
1356.4505042885007,112.55222778588501,-861.4797618185894,1.0
1357.1402689248034,111.61035881635325,-861.6686234493382,1.0
1357.7187767120693,111.27465856063134,-861.5047267750941,1.0
1358.3477147183316,110.31511860664727,-861.734598860075,1.0
1358.9202136014817,110.02430223127669,-861.6002712619377,1.0
1359.6127348820219,109.07791736766507,-861.7945187648868,1.0
1360.121244770211,108.78350398374556,-861.5735108857866,1.0
1360.6882671513815,107.85735037464048,-861.7473936105076,1.0
1361.16531535958,107.62230744837808,-861.534711091721,1.0
1362.0075881378652,106.5847094152781,-861.8359569710368,1.0
1362.651601407713,105.6636520702134,-861.97953406391,1.0
1363.1352543255935,105.32956766398019,-861.8302641884507,1.0
1363.935051710947,104.36730758397135,-862.0071676526832,1.0
1364.3959740433147,104.08662630024179,-861.8682624793371,1.0
1365.1190006936042,103.11583175221085,-862.0683913009227,1.0
1365.5704917869002,102.79993457143752,-861.8893751285375,1.0
1366.4356108407405,101.79525277737025,-862.1116490560496,1.0
1366.8313674249607,101.55259979574606,-861.9158116883777,1.0
1367.7353849625497,100.47038585359655,-862.2575915828842,1.0
1368.2085855191797,100.14154378245553,-862.0948581971688,1.0
1368.9783826539483,99.19131952000436,-862.2392789839423,1.0
1369.401560309557,98.93161559612759,-862.0654268482606,1.0
1370.1681457040768,97.92782021302361,-862.2933869687931,1.0
1370.6192239439374,97.61249561231801,-862.1080067012481,1.0
1371.4474888398272,96.62214855906996,-862.2956210469113,1.0
1371.8654752413265,96.3665734629052,-862.1080210500102,1.0
1372.6868493176999,95.32515218391387,-862.3786952568602,1.0
1373.4582241745761,94.31200541632,-862.6088030891489,1.0
1373.983070055187,94.00656787585473,-862.3885719779255,1.0
1374.6287153760616,93.01643303672523,-862.5937090943999,1.0
1375.1256714447704,92.764047369678,-862.3882311939287,1.0
1375.9775613739118,91.6988739362913,-862.6764729314964,1.0
1376.4665663506712,91.41412051619551,-862.426016050775,1.0
1377.183255431106,90.37811544114646,-862.6939122879303,1.0
1377.6567807697088,90.1379496644056,-862.460727432333,1.0
1378.4983470934799,89.07670264861912,-862.7360074395554,1.0
1378.9783637533333,88.79732206522613,-862.4740465240204,1.0
1379.6598718120931,87.77813916547069,-862.707398434578,1.0
1380.143619164646,87.5322853941608,-862.4746100184582,1.0
1381.1220443952818,86.38262036524975,-862.8535765715064,1.0
1381.6243551056882,86.09127287528764,-862.6043344832935,1.0
1382.4073313790432,85.00458987170703,-862.9255950996551,1.0
1382.8911593569787,84.75918261731829,-862.681999550241,1.0
1383.7527999446183,83.67685697881774,-862.9646086568137,1.0
1384.4977362253123,82.66554358108363,-863.1485143168088,1.0
1384.9495546834,82.35002988565822,-862.9564694920621,1.0
1385.839951474229,81.30144017058012,-863.1607397930713,1.0
1386.3249168670459,80.99998681901218,-863.016991838162,1.0
1387.1323109608106,79.94694591196969,-863.2468304671031,1.0
1387.609180113689,79.61494941589535,-863.0728903418787,1.0
1388.4146431134232,78.61461968936982,-863.208289555854,1.0
1388.8354401987472,78.35160004363803,-863.0104095424313,1.0
1389.5822270807575,77.33324306160353,-863.1893188844087,1.0
1389.9568343398905,77.06541175269194,-862.9328782329194,1.0
1390.777244293326,76.05231377257064,-863.0748012747691,1.0
1391.0683423107398,75.86779261386965,-862.7792629597446,1.0
1392.3011995062948,74.58347570885934,-863.3077964279587,1.0
1392.5954487044964,74.32731526347965,-863.0029370405136,1.0
1394.1778725924796,72.86622513420252,-863.7036023762698,1.0
1394.959547741913,71.73788960567629,-864.0056438845855,1.0
1395.674286069258,71.34266292854613,-863.9296895163711,1.0
1396.2045470917064,70.44878885816752,-863.9405733557643,1.0
1396.8815046529733,70.0476861431518,-863.8110738081023,1.0
1397.2604113404288,69.19298634811184,-863.7941324035875,1.0
1397.9456691924706,68.81627093123603,-863.6945722083992,1.0
1398.613025378174,67.83325828613584,-863.7952348624699,1.0
1399.245630805393,67.45859515609578,-863.6348510622078,1.0
1400.0449227952943,66.3399785740504,-863.9399239058725,1.0
1400.609513163568,66.03602895542622,-863.7353184762858,1.0
1401.445487999636,64.94441484839831,-863.9662749568372,1.0
1402.0626159255214,64.57861333266834,-863.7872653993263,1.0
1403.0754098261318,63.32240967613592,-864.2486959850615,1.0
1403.7123150091566,62.97308103272343,-864.1038259151358,1.0
1404.5261409426603,61.89160922372241,-864.30727675843,1.0
1405.0430395035883,61.58836373817974,-864.0509896474024,1.0
1406.180647149588,60.25016981949648,-864.600182013354,1.0
1406.9336829192066,59.25696695505525,-864.6660859454105,1.0
1407.784637688009,58.71765607194948,-864.7592464237844,1.0
1408.2170457426867,57.87146197407873,-864.693088590175,1.0
1408.5990272631311,57.60135451773277,-864.4307794271763,1.0
1408.7704597492132,56.97185356563176,-864.0751568116559,1.0
1409.0980107114892,56.76132244246418,-863.7857556626325,1.0
1409.012667954179,56.24090695703609,-863.31974352166,1.0
1409.2154053488985,56.12228145758638,-862.9107893092546,1.0
1409.2844171166248,55.51710029632602,-862.4499215184928,1.0
1409.3865064953604,55.449627933203544,-862.0076306093108,1.0
1410.1219257590074,54.40728103727605,-862.1404936559377,1.0
1410.5971808562913,54.07838123047026,-861.9491809843903,1.0
1411.2309541058053,53.1524905421482,-861.9292564485623,1.0
1411.6788782606075,52.864566419846085,-861.7188908734151,1.0
1412.2270639026042,51.94029099750588,-861.7092207388114,1.0
1412.645691067733,51.64703920060748,-861.466493111468,1.0
1413.282602076531,50.71731378150105,-861.4317210399493,1.0
1413.7508254739244,49.788040943975716,-861.467328553919,1.0
1414.230004964394,49.53196868600037,-861.1830064855868,1.0
1414.910163901403,48.51900980885034,-861.2755875086159,1.0
1415.428269284248,48.215300326467684,-861.0117951800169,1.0
1416.0193489038684,47.204032788327424,-861.137648036895,1.0
1416.541765104202,46.919862655726604,-860.8841333843291,1.0
1417.162807748929,45.94186704416887,-860.9241422180723,1.0
1417.8035387173686,45.55894353512923,-860.7459892947954,1.0
1418.4476481045915,44.5117450654775,-860.9035093684108,1.0
1419.162789959681,44.102382944516705,-860.7883883505062,1.0
1419.957229944779,43.00900328995226,-860.9576136435976,1.0
1420.679060572703,42.575031098918316,-860.834030666252,1.0
1421.3630496248886,41.497328689103085,-861.0189025662422,1.0
1421.9993498333206,41.139254334974794,-860.8373017651174,1.0
1422.97435232817,39.9258575571053,-861.1317192262388,1.0
1423.8314971550797,38.78746102822441,-861.3361948360167,1.0
1424.4197299282087,38.38535564310541,-861.2148749588853,1.0
1425.5376301461056,37.12915873214678,-861.5038710257058,1.0
1426.1547581171558,36.72715846484613,-861.4033130513071,1.0
1427.2807784131792,35.41130061595459,-861.7948353969331,1.0
1428.0152234223488,34.91336790191889,-861.7753001492035,1.0
1428.976625446313,33.75450477303991,-861.949172557401,1.0
1429.699474815426,33.28282796077923,-861.9217525899494,1.0
1430.7864793794993,31.98745626060918,-862.2813517342597,1.0
1431.1955228681522,31.70116812002584,-862.0274589525616,1.0
1431.9441097387112,30.676178959531967,-862.0370526838242,1.0
1432.5872592594108,30.254726122904685,-861.9525407893323,1.0
1434.118210058576,28.665770160756836,-862.6200572508978,1.0
1434.6977012542084,28.268974580767292,-862.4850118198854,1.0
1435.9156871357343,26.935914580989845,-862.8237665841965,1.0
1436.5136319403882,26.54189765050006,-862.6992446245495,1.0
1440.6524292022018,23.2582898228942,-865.206617251115,1.0
1443.9923299382308,20.46613340846511,-867.1431658956778,1.0
1443.3736298605395,20.90032970690703,-866.0511086599296,1.0
1443.4593584703973,20.192577326120897,-865.7912699617088,1.0
1443.23334918706,20.389737333976598,-864.9732743558166,1.0
1443.048180414704,19.90782707333824,-864.4226092948027,1.0
1443.0660392844252,19.930507014753914,-863.7779949075989,1.0
1443.089851979859,19.259367312281597,-863.4706279823104,1.0
1443.229917561151,19.21771372318375,-862.9089335572226,1.0
1443.2921238865056,18.57364396576628,-862.5271882251958,1.0
1443.5291320417164,18.453675572838563,-862.0401525688313,1.0
1443.7511729080302,17.65088089725748,-861.8787259437156,1.0
1444.0921375264643,17.477238839821496,-861.4574260766717,1.0
1444.4547592001509,16.63573618413716,-861.2879539024505,1.0
1444.8437449497121,16.416132088355482,-860.9012005652787,1.0
1445.9922277038015,15.00273130878287,-861.3799113031666,1.0
1448.6230405658112,12.715856372213693,-862.6791443458144,1.0
1448.5106418326995,12.789685904568955,-862.0406682212806,1.0
1448.4472305398274,12.220387629181175,-861.5564219433031,1.0
1447.8623650009954,12.595996356934677,-860.6129302592019,1.0
1454.6425552480491,7.55594005987615,-864.7396668454378,1.0
1456.5659245791755,6.2830455256206506,-865.5394816505616,1.0
1456.5851843128098,5.653509064177115,-865.1291465660643,1.0
1457.0352177380162,5.343004188851523,-864.880943699952,1.0
1457.0084627055153,4.797333216072843,-864.3177223034334,1.0
1457.4496577135665,4.502115681572775,-864.0500983234147,1.0
1457.260016761457,4.012914732311856,-863.487439702983,1.0
1458.5384030281111,3.1501196486668164,-863.7844489748545,1.0
1464.6875536368161,-1.5017599956009349,-867.4708698049928,1.0
1465.4245087286474,-1.99423021057612,-867.427150665365,1.0
1466.0541463452714,-3.0360814941702756,-867.4190598169403,1.0
1466.5872853729538,-3.4026193808740572,-867.2257911140799,1.0
1467.4933013192192,-4.5761836028328275,-867.2975985368191,1.0
1468.0500340707783,-5.6250344043703535,-867.3536316899008,1.0
1468.895194190207,-6.138979724515934,-867.2437650436171,1.0
1469.669242440048,-7.28105618744371,-867.3283806562398,1.0
1470.7436347315167,-7.955821144035383,-867.3876313382546,1.0
1471.269825333844,-8.987521297020862,-867.4127770719986,1.0
1472.5851733916274,-9.817941652452475,-867.6197935483824,1.0
1473.2296402677557,-10.877040408995924,-867.6124886936177,1.0
1474.3204704323978,-11.564294278598993,-867.6766203011846,1.0
1475.1145501248673,-12.779656292171637,-867.8807765806612,1.0
1476.2123951583085,-13.465089717759156,-867.9339319592216,1.0
1477.0487677135793,-14.659316885168153,-868.0571090300373,1.0
1477.807953334022,-15.125047768415584,-867.894462128518,1.0
1478.5800125904746,-16.328357068018647,-868.0800756838404,1.0
1479.3223531040662,-16.77896634582612,-867.8876700928747,1.0
1480.0450510325013,-17.90015869227858,-867.9286279588655,1.0
1480.689242551088,-18.28835719785269,-867.6839378335285,1.0
1482.094837384764,-19.922739684182773,-868.288404210497,1.0
1482.9186233019127,-21.062536489920547,-868.278547774355,1.0
1483.8396711288415,-21.68719886597023,-868.3112426716798,1.0
1484.7967233868908,-22.97289230221537,-868.5003843898214,1.0
1485.6702544453597,-23.567429201478433,-868.5206449480013,1.0
1486.5111112427307,-24.72372570427717,-868.5149532580767,1.0
1487.4538688223247,-25.364559304129216,-868.555469808879,1.0
1487.854077216156,-26.276563716292742,-868.3728165484399,1.0
1488.6070313205942,-26.790778103489686,-868.3058332173925,1.0
1489.3669172143605,-27.897341841786158,-868.2460733614474,1.0
1490.048596922606,-28.362905319105664,-868.1117249721328,1.0
1490.783287419589,-29.503728428218324,-868.1419678264936,1.0
1491.601070003028,-30.063464799761903,-868.1163368636678,1.0
1492.150161921162,-31.028742256368446,-867.9112184910318,1.0
1492.882474145285,-31.529817362569588,-867.8082591637516,1.0
1493.6595060815619,-32.70383483993908,-867.8621523225494,1.0
1494.2926692832689,-33.78274196896933,-867.8217437621778,1.0
1495.2599465640255,-34.39139822874898,-867.774942483235,1.0
1495.92121213133,-35.542469965067085,-867.8688936218092,1.0
1497.1019174744988,-36.30000503763324,-867.9368990167277,1.0
1497.8864205117457,-37.486276198133055,-867.9906192240414,1.0
1499.038068426733,-38.221988727054,-868.0615302324192,1.0
1499.7665331389685,-39.42237692275722,-868.1922531384904,1.0
1500.9251161653683,-40.16639452488795,-868.2376116515793,1.0
1501.7352386711805,-41.37411447805766,-868.3042389225291,1.0
1502.8016573465025,-42.05328888556994,-868.3141137161197,1.0
1503.4993705282434,-43.23565703215007,-868.424254556237,1.0
1504.6833531589273,-44.00091155640365,-868.4811392742639,1.0
1505.6973144309172,-45.35260677840546,-868.6699217334547,1.0
1506.8655558500857,-46.10197529885613,-868.7426130695305,1.0
1507.5867379880756,-47.30543596704939,-868.8631612995135,1.0
1508.640972841688,-47.983976902989355,-868.8280010691184,1.0
1509.5481615247054,-49.26669866170937,-868.9480501410792,1.0
1510.4239390843845,-50.53076475966532,-869.0433745709931,1.0
1511.392171273887,-51.19444887707965,-869.103123862174,1.0
1512.413555649018,-52.51052123466076,-869.1701815903982,1.0
1513.274672827809,-53.10809665526307,-869.1238789206216,1.0
1514.1491796216287,-54.3758802977851,-869.2137659783633,1.0
1514.9757096916546,-54.942092695532324,-869.1748857674916,1.0
1515.917512201901,-56.20668819156123,-869.1821282696974,1.0
1516.8371885395463,-56.846508689450104,-869.1714371044048,1.0
1517.840639237601,-58.20822470040679,-869.3386299448346,1.0
1518.7075316790565,-58.802498298053195,-869.3194334433142,1.0
1520.1147661396813,-60.39482918884971,-869.6172420603284,1.0
1521.3080329818363,-61.22630146266931,-869.7711165408155,1.0
1522.5796413434755,-62.78010630604291,-870.1130874324954,1.0
1523.863821579559,-63.665918925260314,-870.3542252172392,1.0
1524.3721030515046,-64.63909499994259,-870.079077423403,1.0
1525.217365894574,-65.95157008538166,-870.2565628060813,1.0
1525.9472449766545,-66.40990811698475,-869.9693628075693,1.0
1527.9204095942205,-68.46343954614025,-870.7558944814851,1.0
1529.5961728003915,-69.57227221570542,-871.1148238750583,1.0
1531.3174675951277,-71.50223234271607,-871.8496183686461,1.0
1532.632331555167,-72.37240885729227,-871.9325694829301,1.0
1533.905271032173,-73.94295906109767,-872.252206072915,1.0
1535.2217908683833,-74.80046044984488,-872.3759444318729,1.0
1536.6888724714877,-76.56001818099543,-872.9412759686227,1.0
1538.211940744944,-77.57715363198048,-873.1474019420476,1.0
1538.5006597674635,-78.46313826695649,-872.8503454716554,1.0
1539.1318094404176,-78.84185173059012,-872.5382168953469,1.0
1539.1500430901574,-79.58834238489209,-872.1941061562611,1.0
1539.6880756852756,-79.91910957688839,-871.7824970910704,1.0
1538.849670353008,-80.01408014729759,-870.77603187347,1.0
1539.211064231727,-80.20480580842838,-870.2967165261,1.0
1538.6623810350525,-80.55232593965246,-869.5978806894402,1.0
1538.6623810350525,-80.55232593965246,-869.5978806894402,1.0
1538.0653456160899,-80.83127760031448,-869.3184640180776,1.0
1537.4245082867528,-81.1117767560657,-869.1877248466976,1.0
1537.006142666317,-81.51624743739484,-869.0235430962236,1.0
1536.528990823659,-81.91030372921523,-868.9934311835418,1.0
1536.2082380308375,-82.3831519344244,-868.8879457067997,1.0
1535.8486334621002,-82.8595533185009,-868.9285934415922,1.0
1535.3992526257164,-83.24068564381844,-869.3616950399667,1.0
1535.0812507247065,-83.76622396860597,-869.3903519704368,1.0
1534.8342114003794,-84.27237057122505,-869.3759244050156,1.0
1534.4924029846425,-84.78108372320594,-869.3870552527083,1.0
1534.2135393942096,-85.26477575155855,-869.3500000832729,1.0
1533.8376005690432,-85.7495109796979,-869.3391042510351,1.0
1533.521265337724,-86.20568717392791,-869.278200488817,1.0
1533.113475371324,-86.66811666677455,-869.2482794303301,1.0
1532.763449459138,-87.10073867825696,-869.1681107055764,1.0
1532.3330702829471,-87.54614946511339,-869.1248445588217,1.0
1531.962981168575,-87.96348799072729,-869.0321106804142,1.0
1531.5271102486108,-88.40500459624576,-868.9845229470368,1.0
1530.907044737525,-88.71457036682818,-869.4398500585361,1.0
1530.4637173727078,-89.12498397965771,-869.4279134859503,1.0
1530.0910986562965,-89.5652317315537,-869.2936854093175,1.0
1529.6489243631413,-89.97640701917089,-869.28144837469,1.0
1529.2801134818774,-90.42046758346845,-869.1482015505403,1.0
1528.8439886445872,-90.83470790759873,-869.1403245209524,1.0
1528.4832866231034,-91.28329382641118,-869.0130582968261,1.0
1528.0636638922608,-91.70906785558168,-869.0145436493424,1.0
1527.7117948460073,-92.16508586601327,-868.8934209246912,1.0
1527.2962909229946,-92.59378053118706,-868.8981474671746,1.0
1526.947323379635,-93.05291271080603,-868.7760849379808,1.0
1526.525383733118,-93.47459458699063,-868.7749461356918,1.0
1525.9841016771738,-93.79145544031292,-869.1550539056551,1.0
1525.5521673482367,-94.23810077572506,-869.1089492046713,1.0
1525.1761625749732,-94.64517740308776,-869.0107656987847,1.0
1524.743632886466,-95.09023191888747,-868.9649998782596,1.0
1524.3621363694292,-95.49341436491221,-868.8624947857503,1.0
1523.9261743410634,-95.93603501737562,-868.814027973586,1.0
1523.5435247523649,-96.33845578861298,-868.7118233431185,1.0
1523.0977054329867,-96.77419859216167,-868.6580152734314,1.0
1522.7086201207835,-97.16960657440973,-868.5499452981917,1.0
1522.2253291605189,-97.57783354383565,-868.4722886357215,1.0
1521.7977102441687,-97.9438599702284,-868.3415496085277,1.0
1521.2575709088035,-98.3097743923305,-868.2280193979489,1.0
1520.8252014499603,-98.75587831815471,-868.8012470330821,1.0
1520.2600250964265,-99.06363993474349,-868.7071435818923,1.0
1519.7571540624435,-99.41125289833383,-868.4905496492755,1.0
1519.1356870459008,-99.67587282277384,-868.3606110683941,1.0
1518.618244553505,-100.01209648183368,-868.1357735687461,1.0
1517.9834502586134,-100.2649847295857,-867.9981700375788,1.0
1517.4899699119524,-100.61920063997047,-867.7877580228543,1.0
1516.895859733524,-100.90182671463435,-867.6753232174115,1.0
1516.446275978903,-101.28800244472018,-867.4914000613533,1.0
1515.899055003811,-101.60459846132778,-867.405393388821,1.0
1515.4920056776382,-102.02432926919124,-867.2501037736624,1.0
1514.993550803662,-102.37533730619913,-867.198848804643,1.0
1514.6300602217193,-102.82806894913568,-867.0713904884312,1.0
1514.9197458879523,-103.82094016224062,-868.104043929596,1.0
1514.5609723776806,-104.23394445251762,-868.0137943029151,1.0
1514.109065954959,-104.66420225511627,-867.9560035270641,1.0
1513.7407730014856,-105.06928768110669,-867.85907020258,1.0
1513.2728310760067,-105.48828668078528,-867.7910763842556,1.0
1512.8720808493788,-105.86690674846,-867.6722316350923,1.0
1512.3724968745973,-106.26124307998202,-867.5833683703275,1.0
1511.9357390514278,-106.61221681192319,-867.4426345038237,1.0
1511.377091666623,-106.96161319960129,-867.3193776938203,1.0
1510.9138080426358,-107.29043949565863,-867.1638157066554,1.0
1510.338556670631,-107.62683742183077,-867.0270923568727,1.0
1509.8881229489516,-107.96455168904492,-866.8768109014749,1.0
1509.921100331505,-108.81305878079746,-867.8696539369271,1.0
1509.5069772336847,-109.23027879485227,-867.710806558681,1.0
1509.0130754541765,-109.57677595975139,-867.6522768825928,1.0
1508.6029531806573,-109.99816949572858,-867.4993939932922,1.0
1508.142130619669,-110.36934766614752,-867.4672956168519,1.0
1507.7819920415336,-110.82818602277615,-867.3448842923814,1.0
1507.2982316505932,-111.18081769916552,-867.2975581890648,1.0
1506.916812565336,-111.62456610310966,-867.1584007164311,1.0
1506.407459580958,-111.95560014785565,-867.0945651717141,1.0
1505.958830578419,-112.34746328900371,-866.9154108526941,1.0
1505.4402959986496,-112.66953745409154,-866.8435491698934,1.0
1504.9978720829836,-113.06563271027107,-866.6656542580595,1.0
1505.0568663960926,-113.89921737087718,-867.5574307762987,1.0
1504.6228971333824,-114.24604537869436,-867.4168890018806,1.0
1504.1087417001881,-114.62899240568595,-867.3197821700846,1.0
1503.6899016079822,-114.9863805732088,-867.1875223811145,1.0
1503.1710588825154,-115.3646673056108,-867.0839108620455,1.0
1502.7609230096596,-115.72817164726081,-866.9572927926399,1.0
1502.2413669410937,-116.10612044596945,-866.856743453008,1.0
1501.8317887803296,-116.46879564279459,-866.7301638020194,1.0
1501.3066122121104,-116.84153434267307,-866.6247910958539,1.0
1500.90664460295,-117.21102435683974,-866.5057742214553,1.0
1500.386648805821,-117.58854941445423,-866.4024631644281,1.0
1499.989207204266,-117.9597746487429,-866.2842262246436,1.0
1499.477100402636,-118.34161319032529,-866.1855149089423,1.0
1499.4695554529903,-119.12974333662203,-867.036201102585,1.0
1498.9722421881625,-119.45934988313542,-866.9750127090463,1.0
1498.586843823306,-119.90406237197897,-866.8363409052447,1.0
1498.099956333933,-120.24228642599297,-866.7837572665346,1.0
1497.705038525875,-120.67908005055011,-866.6384017649298,1.0
1497.2180491557497,-121.01583934809832,-866.5817139685441,1.0
1496.811901120736,-121.44478157840643,-866.429936812761,1.0
1496.3311810707569,-121.78481778301472,-866.3789898801128,1.0
1495.910332821451,-122.20105479130012,-866.2184673773879,1.0
1495.4493381258476,-122.55741549714867,-866.181428038674,1.0
1495.046622430692,-122.9887915907928,-866.0323518745299,1.0
1494.5987886100793,-123.35314809140021,-866.0028530050674,1.0
1494.5738843528945,-124.09437321102257,-866.7179384069314,1.0
1494.1070954990773,-124.51413388548866,-866.649644126565,1.0
1493.6982464948576,-124.87120304018794,-866.5216359726785,1.0
1493.230642417189,-125.28916102449483,-866.4522997140735,1.0
1492.8145532379635,-125.63998350345628,-866.3206093160647,1.0
1492.3323777018825,-126.04655218323268,-866.2430294904291,1.0
1491.9098527991523,-126.39036187320505,-866.1054737476481,1.0
1491.4147254800114,-126.78657782535868,-866.0185092325697,1.0
1490.9890792101055,-127.12706147559663,-865.8805124356338,1.0
1490.5005967063994,-127.52793328387571,-865.7975690451365,1.0
1490.084936483386,-127.87661070052047,-865.665415285634,1.0
1489.6084994304872,-128.28713659320795,-865.5899355275537,1.0
1489.3658595321695,-128.89420852655576,-866.2842334094663,1.0
1488.9061140577232,-129.24171408101648,-866.2461812851473,1.0
1488.4728290488765,-129.6528620316475,-866.078281212623,1.0
1488.0216859130285,-130.00501900376963,-866.041766650193,1.0
1487.6070000620225,-130.4315809418797,-865.8844722558802,1.0
1487.166062837348,-130.79214355095547,-865.8551815895812,1.0
1486.7542139666305,-131.2195485327893,-865.7009270673664,1.0
1486.3060365669503,-131.57386446612747,-865.6679541569454,1.0
1485.892476912479,-132.00133691799874,-865.5139616783554,1.0
1485.4492227721298,-132.3578073740888,-865.4820468572514,1.0
1485.0348478938067,-132.78347713580058,-865.3270124004226,1.0
1484.5951548491958,-133.14369737271892,-865.2983003508687,1.0
1484.13641089078,-133.53767227413948,-865.7280255371746,1.0
1483.6895672556202,-133.97396932039288,-865.6750197094403,1.0
1483.31858120102,-134.35398928246087,-865.5707740857189,1.0
1482.886646872083,-134.8006346178729,-865.5246693847349,1.0
1482.533326767943,-135.19551876317945,-865.432710759964,1.0
1482.1020789069776,-135.64265087125864,-865.3871462573081,1.0
1481.738204271503,-136.02760159157236,-865.2860810977979,1.0
1481.3070851664174,-136.4760496171437,-865.2410183750526,1.0
1480.9353749963673,-136.8531628421074,-865.1366098518793,1.0
1480.4843106726248,-137.28507449589137,-865.0762586765021,1.0
1480.0930842401299,-137.64350628675095,-864.9560983392034,1.0
1479.6212433711025,-138.05979652097318,-864.8862441896094,1.0
1479.2246805365096,-138.41227487557836,-864.7671228010262,1.0
1478.687339268686,-138.81152723897026,-865.3845301999728,1.0
1478.254000798916,-139.2261992009834,-865.2153737497858,1.0
1477.8028142843327,-139.56485462602728,-865.1744200049932,1.0
1477.3662364638585,-139.97745343422497,-865.007545799629,1.0
1476.9141167418943,-140.31555905502836,-864.9682733755758,1.0
1476.4846503405456,-140.73308862147178,-864.804579634423,1.0
1476.0407951093694,-141.07688667530846,-864.7681872125393,1.0
1475.6222210871656,-141.50330865137283,-864.6122575658453,1.0
1475.1735229327091,-141.8412793321017,-864.5724610545426,1.0
1474.7674986124814,-142.28005025913177,-864.4227770810202,1.0
1474.3388744325616,-142.63587322913997,-864.3987708022598,1.0
1473.947990055189,-143.08777311928662,-864.2605938930743,1.0
1473.4697559981241,-143.5025791938976,-864.7981300201523,1.0
1473.1229946421122,-143.89471046304448,-864.7077220388258,1.0
1472.7099169827757,-144.35940162091953,-864.6732265758745,1.0
1472.373141673656,-144.75972665647305,-864.5886616319817,1.0
1471.9523572356234,-145.2178962364901,-864.5513245852782,1.0
1471.6148954585321,-145.61773449937652,-864.4662194430573,1.0
1471.1882706565652,-146.07048211001666,-864.4226781711227,1.0
1470.8400076087303,-146.46032391633696,-864.3306880132297,1.0
1470.4112965277209,-146.91176004794897,-864.2891285240762,1.0
1470.059005780457,-147.2975771713207,-864.1947762550029,1.0
1469.6383500983047,-147.75706266882986,-864.1579409882102,1.0
1469.2956699026445,-148.14969460954296,-864.0711514957268,1.0
1468.8133643454155,-148.58986223383022,-864.7205903287316,1.0
1468.4395078703606,-149.06112830239618,-864.5970080001814,1.0
1468.040069295838,-149.43363706667213,-864.5875201542572,1.0
1467.6652688410518,-149.90178452758664,-864.4623940675576,1.0
1467.2528516083416,-150.26408940321357,-864.4471239099557,1.0
1466.855113323603,-150.71369037009885,-864.3067700963802,1.0
1466.4421168340994,-151.07168678372864,-864.2850113625836,1.0
1466.0283322742525,-151.50746014428313,-864.1312294276461,1.0
1465.6077201144549,-151.85783093311005,-864.1075081888837,1.0
1465.186357531792,-152.28839863329853,-863.9513864501045,1.0
1464.761149188123,-152.6330050805908,-863.9220396028561,1.0
1464.3384136695172,-153.0625992354448,-863.764837467421,1.0
1463.889763244727,-153.38596432215024,-863.7214808525423,1.0
1463.5380668701464,-153.88801560319467,-864.2269312964238,1.0
1463.0423334190841,-154.2800719323253,-864.1370805829156,1.0
1462.6063944805346,-154.58514685145298,-863.9829815251233,1.0
1462.0985887035376,-154.96769793514875,-863.8892695569627,1.0
1461.6506954225822,-155.26201472292297,-863.7285859455399,1.0
1461.1357943292364,-155.6369174059884,-863.6248660565147,1.0
1460.7044408022068,-155.94518786323982,-863.4731675283197,1.0
1460.2004320880062,-156.3289829559264,-863.3772117337533,1.0
1459.76985613735,-156.63663613889997,-863.226932482673,1.0
1459.2665070159937,-157.02106684322735,-863.1351192641991,1.0
1458.8239229726764,-157.3182595727949,-862.9854602150178,1.0
1458.2765750891954,-157.66603936752057,-862.8715151133946,1.0
1457.6936540320376,-157.9935890960066,-863.3319281868727,1.0
1457.1568556709176,-158.22405714419295,-863.2140257180331,1.0
1456.5747516815431,-158.52494736770473,-862.931038064814,1.0
1455.9396103567694,-158.66982323883093,-862.7579210747446,1.0
1455.2938196090415,-158.91693168250316,-862.4469777787579,1.0
1454.681932127997,-159.07094909203045,-862.2897570506987,1.0
1454.065284297094,-159.34083614476373,-861.995300888774,1.0
1453.4980282958907,-159.53228891450743,-861.8679569977218,1.0
1452.9395322123319,-159.8517037136658,-861.6160258595521,1.0
1452.4472894574324,-160.10831452632482,-861.5456770918561,1.0
1451.9536383564819,-160.4869016958819,-861.3431398820355,1.0
1451.4868970866185,-160.76621418712955,-861.2884214769535,1.0
1450.8022877939202,-160.97671149467078,-861.557763252845,1.0
1450.3606786801058,-161.41749722071268,-861.4996143187195,1.0
1450.0310517474272,-161.8055786170778,-861.411444656573,1.0
1449.6096558470479,-162.2648750198672,-861.3812739469819,1.0
1449.2772084376888,-162.66576375856033,-861.2981059728648,1.0
1448.8385590394532,-163.09440052974242,-861.247143342702,1.0
1448.47237281873,-163.46997265127476,-861.1334014928445,1.0
1448.067633965643,-163.92237547575127,-861.1030846839144,1.0
1447.6839589701685,-164.2893880993853,-860.9804053950298,1.0
1447.2469232266965,-164.7047535313992,-860.9319462944089,1.0
1446.8311553916737,-165.040884608937,-860.7908718959923,1.0
1446.3713909101798,-165.43534661405755,-860.7253408483041,1.0
1445.277431426966,-165.27718964765398,-860.82892228805,1.0
1444.808641637037,-165.57075231931253,-860.7991385168464,1.0
1444.3970830622966,-166.00180651823086,-860.6153103747614,1.0
1443.95174561351,-166.28966963044866,-860.5645622833226,1.0
1443.4577835398768,-166.6691489764038,-860.3597651360178,1.0
1443.0551469228963,-166.99430304832856,-860.3377750665131,1.0
1442.5770220324405,-167.3899669334782,-860.1482502607618,1.0
1442.2011149777827,-167.7401979542184,-860.1492966272692,1.0
1441.8953706906634,-168.29538140333096,-860.0671703548769,1.0
1441.5984137626683,-168.71912553031478,-860.118233743942,1.0
1441.2936564331849,-169.2745611057203,-860.0272213952807,1.0
1441.007168258549,-169.70405625884638,-860.0764597047561,1.0
1440.7158503933524,-170.281946098949,-860.0406939593029,1.0
1439.921419078978,-170.39940952613335,-860.3649704443379,1.0
1439.6409982653104,-170.8255530174277,-860.3058530699072,1.0
1439.3049777320798,-171.36603284547385,-860.3198785155648,1.0
1439.062114626606,-171.8271009031762,-860.2870802150538,1.0
1438.6457172805142,-172.29339175759168,-860.2572129970276,1.0
1438.3295144658427,-172.70318236634085,-860.1824038451928,1.0
1437.9360115709683,-173.17451816770762,-860.1633251716798,1.0
1437.623793767153,-173.59442627419838,-860.0928468322514,1.0
1437.2180679564303,-174.04657697238179,-860.0714160995901,1.0
1436.8933700143393,-174.4478944741399,-859.9891210079995,1.0
1436.5147121924135,-174.93053377263658,-859.9724620046856,1.0
1436.174665504869,-175.3243055775768,-859.8720429357572,1.0
1435.3597603941462,-175.39827852024905,-860.2837402515246,1.0
1434.9587676354213,-175.8713446710094,-860.150442889822,1.0
1434.585911983408,-176.21477535681424,-860.1426323726944,1.0
1434.2098256394813,-176.7121786999856,-860.0168431208724,1.0
1433.8344436905306,-177.0506478322336,-860.0167138023231,1.0
1433.4810699818486,-177.57167224468287,-859.9148239542218,1.0
1433.113512795123,-177.91541006887007,-859.9148129204468,1.0
1432.7205488494596,-178.39990075793605,-859.7813810256777,1.0
1432.3528792989628,-178.74283135568146,-859.7655796221462,1.0
1431.9348589272522,-179.19975766145723,-859.6092265466159,1.0
1431.5387699967164,-179.5163637203766,-859.5940231748591,1.0
1431.0858141854112,-179.94362554869298,-859.4347487864329,1.0
1430.321603853899,-180.08301566428622,-859.7675054080478,1.0
1429.914883416463,-180.41893545478376,-859.6206777533729,1.0
1429.4545450086016,-180.80380255211202,-859.5386055939479,1.0
1429.079611189793,-181.15975695243907,-859.4147828421633,1.0
1428.6151325408987,-181.549707501944,-859.3463494849668,1.0
1428.2662949880323,-181.92350173360234,-859.2547404817217,1.0
1427.8328637190339,-182.35611849352273,-859.2139233350134,1.0
1427.487860876442,-182.73357669860906,-859.1196932064863,1.0
1427.0703366436528,-183.17936267739208,-859.0801161891486,1.0
1426.7429842274087,-183.58085537497078,-858.988078249841,1.0
1426.3546187248892,-184.0434759869953,-858.9666220431038,1.0
1426.0237802185316,-184.44283249918539,-858.8790878676866,1.0
1425.2495645546983,-184.54125682297422,-859.3059013736363,1.0
1424.8976390769162,-185.06809470963213,-859.2043373244387,1.0
1424.5449909070817,-185.4189544895434,-859.2196885506069,1.0
1424.1977903690508,-185.952872635228,-859.124251889806,1.0
1423.8432168816068,-186.29830156883406,-859.128431765359,1.0
1423.5013796208013,-186.83802431179936,-859.028353778078,1.0
1423.140837013543,-187.17671535853628,-859.025827648489,1.0
1422.7191967547449,-187.63870234066144,-858.8750679592881,1.0
1422.3231824290033,-187.94055396658382,-858.8527021061905,1.0
1421.8826747282535,-188.3819263228351,-858.6871081000681,1.0
1421.5502614943887,-188.74651902474835,-858.7050964253822,1.0
1421.135990166476,-189.21606860010348,-858.5585207602142,1.0
1420.7373479523767,-189.51472024943797,-858.5312708148272,1.0
1419.975774311632,-189.69073989704037,-858.757325394882,1.0
1419.5440423638734,-190.1011260216414,-858.7066132420714,1.0
1419.2270195735887,-190.5208530528962,-858.6238923811557,1.0
1418.8414318591772,-190.97675913738578,-858.5994031876153,1.0
1418.5460866160047,-191.41809267721214,-858.5381588934841,1.0
1418.1451495774756,-191.86000039801434,-858.5124679889904,1.0
1417.7946015301875,-192.23708843314478,-858.4126598961775,1.0
1417.3759558526258,-192.67022478550166,-858.3766506939592,1.0
1417.0289420259483,-193.0512114404342,-858.2836477504611,1.0
1416.57780675818,-193.4501760242424,-858.2160518868973,1.0
1416.2087828670058,-193.80531074017966,-858.092862281353,1.0
1415.7226051262978,-194.16851717429114,-857.9965021995946,1.0
1414.8892746831766,-194.2250528430925,-858.2733164171586,1.0
1414.4587268874259,-194.4821020732105,-858.227838117463,1.0
1414.018589351539,-194.9301398243225,-858.0705769077261,1.0
1413.6208477384357,-195.2184085342302,-858.0404315381259,1.0
1413.1756369319687,-195.66106457171128,-857.8666991681916,1.0
1412.806207198394,-195.97625317633992,-857.8503652778759,1.0
1412.4193629624588,-196.47716161002336,-857.7221301927445,1.0
1412.058299600424,-196.7995074041511,-857.7127804622737,1.0
1411.6902959313124,-197.3211793026823,-857.6029820718285,1.0
1411.3303318906846,-197.64458444954488,-857.6005366348455,1.0
1410.939792472705,-198.14571363070343,-857.4786495337954,1.0
1410.6030130014385,-198.48772830316875,-857.4892103046211,1.0
1409.885105316102,-198.69292709651444,-857.7371478057557,1.0
1409.4817878187873,-199.15129223417352,-857.7107591734941,1.0
1409.1825896920743,-199.53289635734274,-857.6397398105322,1.0
1408.8030689166308,-200.02833855970357,-857.6255989325557,1.0
1408.535738033928,-200.4295307757809,-857.5667773391897,1.0
1408.1590280538082,-200.94555922271064,-857.5656865946647,1.0
1407.9083281449316,-201.37274275632205,-857.5400593132864,1.0
1407.5636303789772,-201.92009926626912,-857.5681708115878,1.0
1407.319281395125,-202.37293388532544,-857.5354240110491,1.0
1407.0096209495173,-202.9514196291978,-857.5705609799218,1.0
1406.798770058209,-203.44381574991752,-857.5669649222372,1.0
1406.509301281335,-204.03567456371542,-857.6236299578668,1.0
1406.3014917104833,-204.53829590796022,-857.6143598212468,1.0
1405.8858211646736,-204.99793319194498,-858.2893076385043,1.0
1405.6103528131646,-205.6238497368285,-858.2530637975051,1.0
1405.3546528370066,-206.05096420820882,-858.324560123662,1.0
1405.0244163688508,-206.62157176872068,-858.2541056037264,1.0
1404.7260851245862,-207.00515362662742,-858.2912728289582,1.0
1404.3443252209138,-207.5172389107874,-858.1742728497209,1.0
1403.9703366616143,-207.82585680488387,-858.1603971852351,1.0
1403.5315451865433,-208.27501694030423,-858.0078187499189,1.0
1403.1232809583269,-208.54469060701507,-857.9633730654645,1.0
1402.674369238559,-208.9764858093302,-857.791172198373,1.0
1402.2895473807953,-209.2706271700627,-857.7522751483566,1.0
1401.8915314199214,-209.75164741888466,-857.6172833843596,1.0
1401.4575163900936,-210.21968430208096,-858.1932012700656,1.0
1401.1413445121489,-210.59799259732011,-858.1152515877196,1.0
1400.752572577614,-211.09071657378928,-858.09865565065,1.0
1400.4991599818993,-211.53333842726852,-858.0551594130498,1.0
1400.1679665585038,-212.085589604242,-858.0709552715874,1.0
1399.9384734199516,-212.55229652383923,-858.0438532201365,1.0
1399.5884445823253,-213.0884131517364,-858.0629511316112,1.0
1399.329303986447,-213.52642026228068,-858.0290410385362,1.0
1398.9497244196543,-214.03067292181902,-858.0236963184393,1.0
1398.638384692639,-214.41223978675526,-857.9459256466234,1.0
1398.20563513985,-214.85708243200787,-857.8987789674009,1.0
1397.860706211889,-215.2001918422257,-857.7909784739443,1.0
1397.0744238418793,-215.28705080821908,-858.1954170565073,1.0
1396.6565376679732,-215.75314828069332,-858.0528433753186,1.0
1396.307804143633,-216.0876311552397,-858.0483584593217,1.0
1395.927899593039,-216.5950209110352,-857.9332318929089,1.0
1395.6186117363554,-216.97066556729231,-857.9581535671305,1.0
1395.278292381649,-217.52310182570142,-857.8761604497358,1.0
1395.0106222496406,-217.9454021415475,-857.9394385457238,1.0
1394.6995157762894,-218.5307433836872,-857.8832305001812,1.0
1394.4409253589201,-218.96053882272594,-857.9504305765771,1.0
1394.1198489414542,-219.53496865607423,-857.8815520369476,1.0
1393.8344805419329,-219.93469837844935,-857.9228678973185,1.0
1393.4805121638437,-220.47372633315752,-857.8277248132648,1.0
1393.102515451315,-221.0110377446439,-858.4347873426988,1.0
1392.8030281859528,-221.40189798446784,-858.359497066838,1.0
1392.3895215704042,-221.8687342046597,-858.3254649653804,1.0
1392.0460566867882,-222.21171311326708,-858.2196239473664,1.0
1391.5989447675174,-222.64280952112534,-858.1623894809215,1.0
1391.2310561755705,-222.9590084970572,-858.0413722360037,1.0
1390.7682892899252,-223.37171227183086,-857.9706235855791,1.0
1390.3940829580026,-223.67964557285467,-857.8410176969111,1.0
1389.920257289854,-224.07972105607803,-857.7623804709928,1.0
1389.543267438566,-224.38328730199584,-857.6309910878894,1.0
1389.0678220950651,-224.78232620831142,-857.5534949843825,1.0
1388.6887351923842,-225.0820121717902,-857.4208623051716,1.0
1388.2157247480868,-225.483890345173,-857.343267057492,1.0
1387.8222018250635,-226.00412504106663,-857.9373171828568,1.0
1387.445724504806,-226.2970596510417,-857.9074152681003,1.0
1387.0118028281427,-226.75189832059607,-857.7546385444383,1.0
1386.6425388077635,-227.05122844528256,-857.7320212515684,1.0
1386.2103386872045,-227.50856844821038,-857.5822075631705,1.0
1385.84207210748,-227.8074931691662,-857.5623904061129,1.0
1385.410596102371,-228.2677399091985,-857.4127396171667,1.0
1385.0330083990243,-228.55382002959288,-857.3811694632259,1.0
1384.5878188479269,-228.99838734046108,-857.2223483842614,1.0
1384.2036397900679,-229.27628759334783,-857.1880134834024,1.0
1383.7544225395418,-229.71683022126734,-857.0268302932575,1.0
1383.3683020612966,-229.99201727023353,-856.988151498437,1.0
1382.9650691984066,-230.519867698231,-857.4710543408328,1.0
1382.5050105371697,-230.93209859923644,-857.4028437825956,1.0
1382.129355974347,-231.23421842605148,-857.2729120950239,1.0
1381.6628615896052,-231.6394365380675,-857.1988361920144,1.0
1381.2915725740215,-231.94454003245932,-857.0699241753425,1.0
1380.8239251176178,-232.3489964696879,-856.9961487343751,1.0
1380.4498525826689,-232.6497329089736,-856.8654532232679,1.0
1379.976455870732,-233.04766332988004,-856.786352635856,1.0
1379.6042228754168,-233.34964821662044,-856.6558968610346,1.0
1379.1387635788078,-233.75688088934294,-856.5842437949613,1.0
1378.775969690644,-234.07045749072574,-856.4628177180454,1.0
1378.3228133566022,-234.4899760828407,-856.3996318442107,1.0
1377.8752517628077,-234.9525220856716,-856.9495816545489,1.0
1377.507446055516,-235.2406401261063,-856.9241073558827,1.0
1377.0755518665464,-235.70560073186647,-856.778145007319,1.0
1376.7101434109804,-235.9941380749312,-856.7529488633561,1.0
1376.2772141338778,-236.45708411998493,-856.6045636778562,1.0
1375.911676922432,-236.7443055455576,-856.5788657539824,1.0
1375.4745000816192,-237.20301503711585,-856.4267375986047,1.0
1375.1042110552949,-237.48330504263566,-856.3985146640989,1.0
1374.6645082068767,-237.94027931407186,-856.2456065741071,1.0
1374.290309464653,-238.21529175072436,-856.2122982294429,1.0
1373.8519795521784,-238.67323956749505,-856.0604705361069,1.0
1373.476498982413,-238.94617441186807,-856.0269608735739,1.0
1373.0305276402382,-239.43431391572142,-856.4814829929112,1.0
1372.5763362180633,-239.85181794713003,-856.4158742821405,1.0
1372.223737468722,-240.1712313820558,-856.2984470224669,1.0
1371.7692081987368,-240.58977642883627,-856.2341807519764,1.0
1371.4168293136768,-240.90940173430886,-856.1181343510002,1.0
1370.96632774312,-241.33197146403802,-856.0562301916902,1.0
1370.6187917813404,-241.65742414261854,-855.943587880133,1.0
1370.1748170426895,-242.08590261439184,-855.8884281443818,1.0
1369.831099688408,-242.41773690878478,-855.7799921641964,1.0
1369.3927723245379,-242.8512766404143,-855.7260534172141,1.0
1369.0493928180665,-243.18206991943543,-855.616274996748,1.0
1368.6055360629452,-243.60929550528982,-855.558391962019,1.0
1368.2593730371086,-243.93572172920494,-855.4468300471176,1.0
1367.7841670356604,-244.34228891801922,-856.0749473650752,1.0
1367.3477250826486,-244.8064739500926,-855.926207188038,1.0
1366.9871161716273,-245.08733711918705,-855.8999759511313,1.0
1366.5502076149255,-245.5512472491402,-855.7520764344638,1.0
1366.1940661318956,-245.8365588422772,-855.7309690261327,1.0
1365.7644353976773,-246.3091356124052,-855.5863744547112,1.0
1365.4133835773364,-246.60033761022328,-855.5664496167317,1.0
1364.9851257790615,-247.07388792568582,-855.422935441966,1.0
1364.6300086118138,-247.35864527611824,-855.4010257916822,1.0
1364.2020994337,-247.83372337961993,-855.2593942555249,1.0
1363.8431636589544,-248.1120991142398,-855.2332782738695,1.0
1363.407794441554,-248.58071867145668,-855.0865836348925,1.0
1362.9529015643525,-249.03812204549473,-855.6319721223216,1.0
1362.6078539626997,-249.3628899797602,-855.5204870442543,1.0
1362.1620289120647,-249.78755120066796,-855.4618624933285,1.0
1361.8203225418683,-250.1158570452145,-855.3521993281136,1.0
1361.3802467467665,-250.5470442824444,-855.2988999236321,1.0
1361.044198523702,-250.88298019025814,-855.193682826075,1.0
1360.6051470443822,-251.3136131847832,-855.139581179641,1.0
1360.269694180888,-251.65113991220943,-855.0340252016249,1.0
1359.83132916954,-252.08225967940194,-854.9804637535187,1.0
1359.4924974271103,-252.41382853210956,-854.873463161526,1.0
1359.047916556539,-252.83814738085965,-854.815417227345,1.0
1358.7056148267725,-253.16486240579405,-854.7060929425892,1.0
1358.2799158348303,-253.62562507159987,-855.3687052904468,1.0
1357.8463058210127,-254.09916592662745,-855.2245963878578,1.0
1357.4991203378358,-254.38214394623458,-855.205317777674,1.0
1357.0674786195318,-254.85824916620902,-855.0619503912817,1.0
1356.714543880822,-255.13470116949406,-855.0373466346535,1.0
1356.2775926355475,-255.6047041142404,-854.8914158192119,1.0
1355.9235851612266,-255.87672159238195,-854.8647665245236,1.0
1355.4870094112412,-256.3481034861935,-854.7171159699257,1.0
1355.1355279445252,-256.62185618445716,-854.6912466098511,1.0
1354.6999872826725,-257.09525263897507,-854.5460188921894,1.0
1354.3631364665491,-257.3879522130279,-854.5344659580473,1.0
1353.936219687996,-257.871137692029,-854.3972259600521,1.0
1353.6020236353581,-258.1668884036961,-854.3869547404347,1.0
1353.1959067526764,-258.72809574386406,-854.8767856978969,1.0
1352.784046398276,-259.1925933685553,-854.8464712294555,1.0
1352.4655730172703,-259.5444975065527,-854.7526620520623,1.0
1352.0358587643493,-259.9852574592545,-854.7034859458578,1.0
1351.7029853693834,-260.3209953954204,-854.5999662801182,1.0
1351.2618368386702,-260.74774810750677,-854.5446213375767,1.0
1350.9095809782334,-261.0576077478304,-854.4242602352724,1.0
1350.455056749342,-261.46764001538065,-854.3584025624322,1.0
1350.0986444335967,-261.7721590552637,-854.2351775690369,1.0
1349.6454931406488,-262.18316486814854,-854.1704002928522,1.0
1349.2948677279148,-262.4966298887908,-854.0521231470253,1.0
1348.850238437514,-262.91595996969284,-853.9912294328317,1.0
1348.414116852769,-263.40359479578035,-854.5521645607456,1.0
1348.0701381139124,-263.6777132255356,-854.5293896022649,1.0
1347.640990486992,-264.16421528383586,-854.3919959306013,1.0
1347.2934130049189,-264.43216396832577,-854.3663954994463,1.0
1346.8528579753338,-264.9045099470368,-854.2192306136808,1.0
1346.4974341863344,-265.1620523327657,-854.1870617399738,1.0
1346.0444097908244,-265.61837651015503,-854.0313051809351,1.0
1345.67744984328,-265.8604468988026,-853.9888633132155,1.0
1345.2200383558293,-266.3086498017934,-853.8256369254991,1.0
1344.861026595964,-266.56259124566776,-853.793867658007,1.0
1344.4130649880153,-267.02495466671195,-853.6428960470846,1.0
1344.0663830658443,-267.2910331910051,-853.6159915940663,1.0
1343.5874511788418,-267.77283316529133,-854.0477669983669,1.0
1343.1662320533405,-268.22206622498413,-854.0060768319182,1.0
1342.8497804287717,-268.57301071654604,-853.9142655483845,1.0
1342.4320044154797,-269.02724644298615,-853.878501452464,1.0
1342.1233079894357,-269.38970128025403,-853.7923795326953,1.0
1341.7130296629089,-269.85281551741593,-853.7613012407185,1.0
1341.3893270909834,-270.19494452982923,-853.6625826341738,1.0
1340.9604815228372,-270.63398316130815,-853.6157048838706,1.0
1340.626058016219,-270.96244286679956,-853.5077552615519,1.0
1340.1874839129405,-271.3959195668558,-853.456038033637,1.0
1339.8480026598545,-271.709827249462,-853.3417120608518,1.0
1339.3924809903087,-272.12026492074324,-853.2730542521992,1.0
1338.903805633676,-272.53562379710763,-853.7918908147176,1.0
1338.5563135287475,-272.7913868520114,-853.7623529811108,1.0
1338.117555350224,-273.2710740929702,-853.6173965328572,1.0
1337.7770943283704,-273.5354407564756,-853.5933851635638,1.0
1337.345029385111,-274.0247726214079,-853.4552976199041,1.0
1337.0088159269676,-274.2933758384087,-853.4350292204883,1.0
1336.5779040553703,-274.78346937812864,-853.2966412147866,1.0
1336.2474398527597,-275.0585986114516,-853.2816979618153,1.0
1335.8236878201174,-275.55861167726505,-853.1493382003378,1.0
1335.492059773494,-275.8304104323897,-853.1314703305195,1.0
1335.059308362263,-276.3192555246548,-852.992842588532,1.0
1334.7275623321107,-276.5923071656982,-852.9776980176918,1.0
1334.2978143045261,-277.0857311836164,-852.8422346288371,1.0
1333.8751813603944,-277.5973463475513,-853.4125505904218,1.0
1333.5512212767094,-277.9368435249805,-853.3128284240559,1.0
1333.1313374396732,-278.3846301655707,-853.2725959531388,1.0
1332.8036875043701,-278.7190616446795,-853.1691692353118,1.0
1332.376643828379,-279.1569287591761,-853.1229085201709,1.0
1332.0420539184024,-279.4816525827382,-853.0148344168174,1.0
1331.608199023618,-279.91112795918,-852.9644280960607,1.0
1331.2616063514065,-280.2201048835406,-852.846921659064,1.0
1330.8230265168709,-280.6425000009559,-852.7903879499104,1.0
1330.4809281477783,-280.95577651038525,-852.6744029637246,1.0
1330.0465047685511,-281.383512228241,-852.6207331456619,1.0
1329.6988770082069,-281.6904745918953,-852.5008038717292,1.0
1329.3247978906084,-282.2033690413124,-853.2007882221333,1.0
1328.884028727999,-282.6865847321175,-853.0570589589088,1.0
1328.549053718662,-282.9437639943198,-853.0325526949994,1.0
1328.102068696829,-283.42017876668274,-852.8843389457004,1.0
1327.7638435644367,-283.6727160716585,-852.8588898477251,1.0
1327.314541626929,-284.1450386910355,-852.7080519436211,1.0
1326.974466182552,-284.3937587451457,-852.679138030471,1.0
1326.5207879254547,-284.8605288935351,-852.5240553765782,1.0
1326.1869283403012,-285.1160498660877,-852.499625949503,1.0
1325.738323643116,-285.5914280615427,-852.3525533226152,1.0
1325.407338685729,-285.8502120422564,-852.3307864687624,1.0
1324.9644190108033,-286.33307146200485,-852.1845575317677,1.0
1324.5758744776915,-286.8943517264456,-852.7852767580976,1.0
1324.2640082646428,-287.2484917561312,-852.6958660041612,1.0
1323.8429229361154,-287.69052795408595,-852.6530862152733,1.0
1323.5243634878022,-288.0350233597982,-852.5568065567434,1.0
1323.0991217039664,-288.47171895731236,-852.5111628767644,1.0
1322.7744375048314,-288.8083093976371,-852.4112778109463,1.0
1322.341907126161,-289.2337695515655,-852.3591041068325,1.0
1321.9987736689357,-289.54503150028853,-852.2406962837106,1.0
1321.5574530036074,-289.9569667478046,-852.1804103788954,1.0
1321.2065751202076,-290.25928715423254,-852.0595382708971,1.0
1320.7563461846926,-290.658950381255,-851.9938634643586,1.0
1320.4012099652323,-290.95446543077645,-851.8660233075935,1.0
1319.9495973214227,-291.35058630905365,-851.7960430255107,1.0
1319.625319894452,-292.0059192056388,-852.4524833711724,1.0
1319.2924896661746,-292.2523731562564,-852.4256602997946,1.0
1318.8347033735981,-292.71879147205334,-852.2705615348234,1.0
1318.5052143767775,-292.96878333295234,-852.245560376298,1.0
1318.0476855959605,-293.43783348373336,-852.0914651711485,1.0
1317.7107792484253,-293.6752739835546,-852.0594322085775,1.0
1317.2451466489224,-294.13128600059036,-851.8977650010544,1.0
1316.90443246624,-294.36491368801006,-851.8647507860005,1.0
1316.4354586352802,-294.81738779476456,-851.701261665625,1.0
1316.0837283586666,-295.032294375841,-851.6583901738516,1.0
1315.6027786405996,-295.4688727444203,-851.481866342068,1.0
1315.2476963601785,-295.6776726118046,-851.4339478585534,1.0
1314.7807151548136,-296.2179322204172,-851.8867149860116,1.0
1314.3097735064562,-296.5846507914698,-851.8011496450268,1.0
1313.9359947504197,-296.85125030643417,-851.6582646276877,1.0
1313.4651818579423,-297.21928479497893,-851.5732010666136,1.0
1313.0958974050245,-297.490183895012,-851.4318375000853,1.0
1312.627143916462,-297.85967870155855,-851.3483945339948,1.0
1312.2714550260039,-298.1475101166747,-851.2189245564628,1.0
1311.8121782920712,-298.5310166023008,-851.1441339894013,1.0
1311.4639978607288,-298.8302953315496,-851.0225748947016,1.0
1311.014535729236,-299.2267724808835,-850.955094286389,1.0
1310.6721422009055,-299.53499719089154,-850.8384830392577,1.0
1310.2273942368126,-299.935985795841,-850.7739047404532,1.0
1309.7680507245598,-300.4058174653234,-851.3137498262422,1.0
1309.4248851390657,-300.62295549962397,-851.2727931952338,1.0
1308.9725855491688,-301.1017807759891,-851.1236074192356,1.0
1308.6335764189832,-301.32425941073024,-851.0855146793182,1.0
1308.1891231360128,-301.8134909858563,-850.9428973458719,1.0
1307.8677856875445,-302.06191538647704,-850.921908086144,1.0
1307.427365835259,-302.56625322719265,-850.7864693451166,1.0
1307.1385290386804,-302.8546445332076,-850.7918306924307,1.0
1306.7179424421117,-303.39107954770503,-850.6707590510597,1.0
1306.4384052244536,-303.6871778474595,-850.6814232374793,1.0
1306.03034718599,-304.2471922345376,-850.575016128283,1.0
1305.7368815991558,-304.5188864553505,-850.573537763637,1.0
1305.248670376987,-305.1078279647405,-851.0316301737105,1.0
1304.8819333115875,-305.56747195561735,-851.0223948701565,1.0
1304.5715963556527,-305.94334697102715,-850.9373717986107,1.0
1304.181985982907,-306.38671559333795,-850.9089290915399,1.0
1303.8390239701334,-306.69320064476017,-850.7890543471026,1.0
1303.4120330649027,-307.1079493860031,-850.7376421260357,1.0
1303.0418096733476,-307.3672170991545,-850.5931433990079,1.0
